soil_ph,nitrogen,phosphorus,potassium,rainfall_mm,temperature_c,humidity_pct,crop
6.502985292000001,90,42,43,202.9355362,20.87974371,82.00274423,rice
7.038096361,85,58,41,226.6555374,21.77046169,80.31964408,rice
7.840207144,60,55,44,263.9642476,23.00445915,82.3207629,rice
6.980400905,74,35,40,242.8640342,26.49109635,80.15836264,rice
7.628472891,78,42,42,262.7173405,20.13017482,81.60487287,rice
7.073453503,69,37,42,251.0549998,23.05804872,83.37011772,rice
5.70080568,69,55,38,271.3248604,22.70883798,82.63941394,rice
5.718627177999999,94,53,40,241.9741949,20.27774362,82.89408619,rice
6.685346424,89,54,38,230.4462359,24.51588066,83.53521629999999,rice
6.336253525,68,58,38,221.2091958,23.22397386,83.03322691,rice
5.386167788,91,53,40,264.6148697,26.52723513,81.41753846,rice
7.50283396,90,46,42,250.0832336,23.97898217,81.45061596,rice
5.108681786,78,58,44,284.4364567,26.80079604,80.88684822,rice
6.98435366,93,56,36,185.2773389,24.01497622,82.05687182,rice
6.94801983,94,50,37,209.5869708,25.66585205,80.66385045,rice
7.042299068999999,60,48,39,231.0863347,24.28209415,80.30025587,rice
6.2490506560000005,85,38,41,276.65524589999995,21.58711777,82.7883708,rice
6.970859754,91,35,39,206.2611855,23.79391957,80.41817957,rice
5.953933276,77,38,36,224.55501690000003,21.8652524,80.1923008,rice
5.85393208,88,35,40,291.2986618000001,23.57943626,83.58760316,rice
6.442475375,89,45,36,185.4974732,21.32504158,80.47476396,rice
5.070175667,76,40,43,231.3843163,25.15745531,83.11713476,rice
6.012632591,67,59,41,213.3560921,21.94766735,80.97384195,rice
6.254028451,83,41,43,233.1075816,21.0525355,82.67839517,rice
7.375482851,98,47,37,224.0581164,23.48381344,81.33265073,rice
7.778915154,66,53,41,257.0038865,25.0756354,80.52389148,rice
6.2865001760000006,97,59,43,271.35861370000003,26.35927159,84.04403589,rice
7.070959995,97,50,41,260.2634026,24.52922681,80.54498576,rice
6.244841491,60,49,44,240.0810647,20.77576147,84.49774397,rice
6.043304899,84,51,35,197.9791215,22.30157427,80.64416466,rice
5.824709117,73,57,41,272.2017204,21.44653958,84.94375962,rice
6.3573893660000005,92,35,40,200.0882787,22.17931888,80.33127223,rice
6.364134967999999,85,37,39,224.67572310000003,24.52783742,82.73685569,rice
5.01450727,98,53,38,270.4417274,20.26707606,81.63895217,rice
6.149410611,88,54,44,233.1321372,25.7354293,83.88266234,rice
5.950660556,95,55,42,193.3473987,26.79533926,82.1480873,rice
5.960370061,99,57,35,272.29990560000005,26.75754171,81.17734011,rice
5.561398642,95,39,36,285.2493645,23.86330467,83.15250801,rice
7.416245107000001,60,43,44,298.40184710000005,21.01944696,82.95221726,rice
5.583370042,63,44,41,257.0343554,24.17298839,83.7287574,rice
6.430010215,62,42,36,248.7183228,22.78133816,82.06719137,rice
5.534878156,64,45,43,209.9001977,25.62980105,83.52842314,rice
6.903985986,83,60,36,200.834898,25.59704938,80.14509262,rice
6.271478837999999,82,40,40,298.5601175,23.83067496,84.81360127,rice
7.224285503,85,52,45,265.5355937,26.31355498,82.36698992,rice
6.13428721,91,35,38,183.6793207,24.8972823,80.52586088,rice
5.206373153,76,49,42,196.95600080000003,24.958779,84.47963372,rice
7.782051312999999,74,39,38,233.0453455,23.24113501,84.59201843,rice
7.062779015,79,43,39,210.8142087,21.66628296,80.70960551,rice
7.730367824,88,55,45,253.7202781,24.63544858,80.41363018,rice
5.286203711000001,60,36,43,219.9048349,23.43121862,83.06310136,rice
6.766240045,76,60,39,208.5810155,20.0454142,80.3477562,rice
7.382762603,93,56,42,195.0948311,23.85724032,82.22572988,rice
5.658169482000001,65,60,43,227.3637009,21.97199397,81.89918197,rice
5.543360237999999,95,52,36,286.5083725,26.22916897,83.83625819,rice
6.215109715,75,38,39,283.9338466,23.44676801,84.79352417,rice
7.120272972,74,54,38,217.3788583,25.65553461,83.47021081,rice
5.950647577000001,91,36,45,267.97619480000003,24.44345477,82.45432595,rice
7.236705436,71,46,40,191.9535738,20.2801937,82.1235421,rice
6.501697816,99,55,35,277.9626192,21.7238313,80.2389895,rice
7.592490617,72,40,38,245.1511304,20.41447029,82.20802629,rice
5.875345751,83,58,45,245.6626799,25.75528612,83.51827127,rice
6.932400225,93,58,38,279.5451717,20.61521424,83.77345559,rice
6.9462098810000015,70,36,42,202.3838319,21.84106875,80.72886384,rice
5.739175027000001,76,47,42,263.6372176,20.08369642,83.29114712,rice
6.738652179,99,41,36,182.5616319,24.45802087,82.74835604,rice
5.5948196260000005,99,54,37,198.6730942,21.14347496,80.33502926,rice
6.946636369,86,59,35,243.5120414,25.78720567,82.11124033,rice
5.012139669,69,46,41,263.1103304,23.64124821,80.28597873,rice
6.363472207999999,91,56,37,269.5039162,23.43191632,80.56887849,rice
6.880431223,61,52,41,204.8001847,24.97669518,83.891805,rice
7.300410836,67,45,38,260.8875056,22.72791041,82.17068809999998,rice
6.587918707999999,79,42,37,295.6094492000001,24.87300744,82.84022551,rice
7.283736617000001,78,43,42,192.3197536,21.32376327,83.00320459,rice
7.023936392,75,54,36,257.4914906,26.29465461,84.56919326,rice
6.939083505,97,36,45,278.0791793,22.2286982,81.85872947,rice
7.868474653,67,47,44,280.4044392,26.73072391,81.78596776,rice
5.005306977,73,35,38,185.9461429,24.88921174,81.97927117,rice
6.136131869,77,36,37,194.5766559,26.88444878,81.46033732,rice
7.5240800760000015,81,41,38,200.9133156,22.67846116,83.72874389,rice
5.706943251,68,57,43,182.9043504,26.08867875,80.37979919,rice
5.758506323,72,45,35,195.3574542,25.42977518,82.94682591,rice
6.349606327,61,53,43,223.3671883,26.40323239,81.05635517,rice
5.9999690260000005,67,43,39,186.7536773,26.04371967,84.96907151,rice
5.453592032,67,58,39,220.1156708,25.2827223,80.54372813,rice
6.372576327000001,66,60,38,231.7364957,22.08576562,83.47038318,rice
5.105588355,82,43,38,242.3170629,23.28617173,81.43321641,rice
5.9353444060000005,84,50,44,182.6549356,25.48591986,81.40633547,rice
5.17782304,81,53,42,233.7034975,23.67575393,81.03569343,rice
6.462391607000001,91,50,40,230.22422230000004,20.82477109,84.1341879,rice
7.069172227,93,53,38,290.67937830000005,26.92995077,81.91411159,rice
7.473134377,90,44,38,241.20135130000003,23.83509503,83.88387074,rice
6.158376967000001,81,45,35,218.9163567,26.52872817,80.12267476,rice
7.549873681,78,40,38,248.2256491,26.46428311,83.85642678,rice
6.028321557999999,60,51,36,256.9964761,22.69657794,82.81088865,rice
6.604993475,88,46,42,194.2651719,22.68319059,83.46358271,rice
6.500343222000001,93,47,37,295.9248796,21.53346343,82.14004101,rice
5.935745417000001,60,55,45,287.5766935000001,21.40865769,83.32931909999998,rice
7.072655622,78,35,44,183.6222657,26.54348085,84.67353597,rice
5.333322606,65,37,40,188.413665,23.35905428,83.59512273,rice
5.7499144210000015,71,54,16,87.75953857,22.61359953,63.69070564,maize
6.931756557999999,61,44,17,102.2662445,26.10018422,71.57476937,maize
6.657964753,80,43,16,66.71995467,23.55882094,71.59351368,maize
6.596060648,73,58,21,60.65171481,19.97215954,57.68272924,maize
5.970458434,61,38,20,65.43835393,18.47891261,62.69503871,maize
6.158830619,68,41,16,102.0861694,21.77689322,57.80840636,maize
6.047906679,93,41,17,105.4654703,25.6217169,66.50415474,maize
5.913664501,89,60,19,78.06639649,25.19192419,66.69029010000001,maize
5.855442401,76,44,17,65.27798457,20.41683147,62.55424820000001,maize
5.750254943,67,60,25,109.2162279,24.92162194,66.78627406,maize
5.852607099,70,44,19,94.29712821,23.31689124,73.4541537,maize
6.4725232870000005,90,49,21,74.05474936,24.84016732,68.3584573,maize
6.9670577620000005,62,52,16,63.87020584,22.27526694,58.84015925,maize
6.082973754,92,44,16,94.76189431,18.87751445,65.76816093,maize
5.919045532,66,54,21,72.12375573,25.19008683,60.200168700000006,maize
6.204747652999999,63,58,22,63.72358154,18.25405352,55.28220433,maize
6.600827017,70,47,17,104.1626147,24.612911800000006,70.4162444,maize
6.021902237000001,61,41,17,76.68456006,25.1420613,65.26185135,maize
6.033550195,66,53,19,65.49730729,23.09348056,60.11593810000001,maize
6.28886807,74,55,19,84.23613484,18.05033737,62.89366992,maize
6.550563822999999,77,57,21,79.74078719,24.9321581,73.80435276,maize
5.573286437,99,50,15,88.07753741,18.14710054,71.09445342,maize
6.829199275,74,56,22,80.97573281,18.28362235,66.65952796,maize
5.716222912,83,45,21,79.75328959999999,18.83344471,58.75082029,maize
5.54990242,100,48,16,74.51490791,25.71895816,67.22190688,maize
6.586244581,79,51,16,96.46380213,25.33797709,68.49835977,maize
5.893093135,94,39,18,102.8301942,23.89114571,57.48775781,maize
5.918263801,75,49,15,102.4852929,21.53574127,71.50905983,maize
5.588650585,78,48,22,70.43473609,23.08974909,63.10459626,maize
6.576418207000001,87,54,20,108.8303762,25.61707368,63.4711755,maize
6.178056304,87,35,25,65.88951188,21.44526922,63.1621551,maize
6.641906353,63,43,19,90.988051,18.51816776,55.53128131,maize
6.489040367,84,57,25,64.40866039,22.53510514,67.99257471,maize
5.680361037999999,64,35,23,63.03843397,23.02038334,61.89472002,maize
6.625404347999999,60,46,22,87.9298085,24.89364635,65.61418761,maize
6.524478032,98,44,21,107.4931917,25.77175115,74.089114,maize
5.696205468,75,56,18,60.95197486,19.39851734,62.35750641,maize
6.803931519,86,55,21,109.7515385,21.54156232,59.64024162,maize
6.252797547999999,98,35,18,91.76337172,23.79746068,74.82913698,maize
6.092725883,76,57,18,94.26249353,18.9802729,74.52600826,maize
6.234330356,99,56,17,71.07562236,24.10859207,73.13112261,maize
5.722579819,60,44,23,76.72860067,24.7947077,70.04556743,maize
6.430616465,74,48,17,69.21803098,21.63162756,60.27766379,maize
5.983952675,89,60,17,101.7004306,25.37548751,57.21025565,maize
6.80163854,69,51,23,106.6213157,22.21738222,72.85462807,maize
6.499936446,96,46,22,66.29390357,20.58314011,69.00128641,maize
6.265564338,61,60,15,91.26056654,24.87502824,68.74248334,maize
6.727303282,74,58,18,109.024141,20.03728219,56.35606753,maize
6.325235159,74,43,23,99.57981207,25.95263264,61.89082199,maize
6.807487794,63,43,17,71.3195307,19.28889933,65.47050802,maize
6.671085817000001,99,36,20,78.34604471,20.57981887,65.34583901,maize
6.648725327,77,36,23,88.45361858,24.71417533,56.73426469,maize
6.439071996,87,60,23,62.50351892,20.27317074,63.91281869,maize
6.474476516,60,38,17,76.41312437,18.41932981,64.23580251,maize
5.871647806,94,54,17,107.3198135,23.39128187,61.74427165,maize
5.730617109,95,38,22,100.7689246,19.84939404,61.24500053,maize
5.850439831,84,44,21,107.2681929,21.869274,61.91044947,maize
5.791649933,77,58,19,101.5952794,22.8056033,56.50768935,maize
6.740000687999999,66,44,20,80.72515943,19.0781471,69.02298571,maize
6.272417541,63,35,16,83.73280082,22.02720976,65.35549924,maize
5.715208817000001,79,45,20,89.96220140000001,23.80546189,59.24537979,maize
5.773454729,72,60,25,88.10234397,18.52510753,69.0276233,maize
5.584171461,67,51,24,64.77791424,23.50297882,61.32026065,maize
5.787268394,86,36,24,73.33636055,26.54986394,72.89187265,maize
5.77597783,76,48,18,83.21030571,19.29563411,69.63481219,maize
6.864793607,75,53,18,103.651438,20.68899915,59.4375337,maize
6.192360002999999,81,45,23,84.22969177,19.32666088,68.03449300000001,maize
6.636803222999999,73,45,21,96.59195302,24.60532218,73.58868502,maize
5.826426917,71,35,24,67.96704792,22.27373646,59.52193158,maize
6.960358276,96,54,22,83.20711308,25.70196694,61.33450447,maize
6.11275104,99,39,18,87.85092352,19.20129357,68.30578978,maize
6.708446922,62,48,20,95.71388473,21.70181447,60.47470519,maize
5.561510732,86,37,16,67.61013737,20.51716779,59.21235483,maize
5.873242491,94,50,19,97.59081274,23.30355338,73.62548442,maize
6.995843776,76,39,24,64.23845455,24.2547451,55.64709899,maize
5.714799723,77,52,17,75.82270467,24.86374934,65.7420046,maize
6.78073637,74,39,23,88.17251033,22.6265115,65.77472881,maize
5.513697923,81,49,20,104.2321615,18.04185513,60.61494304,maize
5.798423907999999,63,42,21,67.10225139,23.26237612,72.33125523,maize
6.352471866,99,38,21,67.72777298,22.88330922,71.59722446,maize
6.822586546,90,52,25,103.2234212,25.97482359,69.36385721,maize
6.655426355,68,40,19,107.2361366,26.14384005,66.20569924,maize
6.1212940410000005,60,57,24,75.03247667,18.66116213,61.55327249,maize
5.790770202999999,71,52,18,78.16077693,25.10787449,55.97732754,maize
6.47444292,61,59,17,105.0083144,23.33844615,59.24580604,maize
6.455116637000001,88,38,15,62.49190812,25.08239719,65.92195844,maize
6.6069840860000015,65,60,22,107.9124111,25.36768364,72.52054555,maize
6.330554389,78,37,22,74.52082026,25.34217103,63.31801994,maize
6.5286312660000005,78,58,15,62.91359494,25.00933355,67.816568,maize
5.721667141,92,60,23,69.93293255,18.66746724,71.516474,maize
6.644205485,79,59,17,108.5054416,20.37999665,63.73849998,maize
6.376651091,91,55,15,78.96159541,18.09300227,72.61024172,maize
6.247040422,76,51,18,79.84925393,26.16985907,71.96246617,maize
6.656730007999999,87,48,25,93.62039175,18.65396672,61.37879671,maize
6.2048017,71,60,22,85.75692395,26.07470121,59.37147589,maize
6.158860284,90,57,24,82.34162918,18.92851916,72.80086137,maize
6.385684213999999,67,35,22,108.7603001,23.30546753,63.24648023,maize
6.417820493,60,54,19,70.23401597,18.74826712,62.49878458,maize
6.381201909,83,58,23,65.50861389,19.74213321,59.66263104,maize
6.877869005,83,57,19,98.73771338,25.73044432,70.74739256,maize
7.485996067,40,72,77,88.55123143,17.02498456,16.98861173,chickpea
6.920251378,23,72,84,79.92698081,19.02061277,17.13159126,chickpea
5.9969320370000005,39,58,85,68.54932919,17.88776475,15.40589717,chickpea
6.391173589,22,72,85,88.51048983,18.86805647,15.65809214,chickpea
7.152811172000001,36,67,77,79.26357665,18.36952567,19.56381041,chickpea
5.988992796000002,32,73,81,92.68373702,20.45078582,15.40312102,chickpea
6.231049027999999,58,70,84,74.6631118,20.6543203,16.60820843,chickpea
7.550808267000001,59,70,84,82.61734721,17.3348681,18.74926979,chickpea
7.010570541,42,62,75,81.84997529,18.17912258,18.90426935,chickpea
8.753795334,28,74,81,81.98568791,18.01272266,18.30968112,chickpea
8.718192847000001,58,66,79,93.55280105,20.99373558,19.33470387,chickpea
7.976607593,43,66,79,74.58565097,19.46233971,15.22538951,chickpea
6.515499548999999,58,63,81,78.96514709,19.81344531,14.69765308,chickpea
8.490127142,23,62,85,80.7108745,18.97424756,19.5161216,chickpea
6.576415562,27,62,77,70.18185181,18.19737048,14.71070537,chickpea
6.481783042999999,28,72,84,71.58010169,18.72963144,19.18197264,chickpea
7.966605025,50,56,76,73.50734019,20.99502153,19.8601304,chickpea
8.140825437,39,71,84,82.52339655,20.28155898,16.39535215,chickpea
7.228963452,25,78,76,66.96980581,17.48042641,15.7559405,chickpea
6.492546046,31,70,77,90.46228334,20.88818675,14.32313811,chickpea
7.528599957000001,26,80,83,71.31007253,17.08498521,16.14565756,chickpea
7.701446446,25,68,77,85.74904898,20.09340593,15.11279612,chickpea
8.519975748,31,78,76,89.31050665,17.57212145,14.99927489,chickpea
6.620900869,60,68,83,85.52950164,19.12065218,18.43475844,chickpea
8.104396057999999,59,62,83,72.94940441,18.57665902,19.22008229,chickpea
6.204090835,22,67,78,72.32667516,17.16606398,14.42457525,chickpea
6.051091339,36,65,80,74.87445574,18.2872007,16.67921616,chickpea
7.690962337999999,59,60,84,94.70992037,19.03025305,18.66725565,chickpea
7.8292111439999985,54,77,85,83.74606679,17.141861399999996,17.0662427,chickpea
6.761599706,43,68,81,78.92060234,17.47809436,17.93253975,chickpea
6.654425315,28,76,82,83.75937135,20.56601874,14.25803981,chickpea
6.129533877,42,79,85,76.57580954,17.22385224,15.82069268,chickpea
8.829273328,32,60,83,91.76071648,19.69141713,19.44225438,chickpea
8.621662982,22,78,76,76.32470713,17.84851658,19.09172907,chickpea
8.204862075,31,79,75,89.73119396,18.8202251,16.1074793,chickpea
6.18042747,28,58,81,93.35034262,17.47500984,16.54314829,chickpea
7.978996755,57,58,77,81.20176515,18.72649425,17.58406365,chickpea
7.863113671,49,55,78,81.70769297,18.65580107,16.17772668,chickpea
6.967843048,46,76,77,83.74879344,18.2356751,19.68538502,chickpea
6.206582192999999,54,61,77,77.54294240000002,18.81198127,15.21618225,chickpea
8.868741443,38,60,76,77.92798682,18.65054116,17.80852431,chickpea
8.766128654,59,55,79,82.2545577,20.36720401,16.89574311,chickpea
8.736337905,36,76,75,70.52056697,18.38120357,16.63805158,chickpea
8.081095263,57,68,81,72.78624223,17.17012591,17.30457712,chickpea
6.138243973,35,66,81,85.24819851,19.37101121,15.77458129,chickpea
7.496645259,35,64,78,85.37378769,17.92845928,14.27327988,chickpea
8.380185271,52,60,79,75.6317566,19.45339934,18.23490739,chickpea
6.289614016,27,76,83,89.61857826,19.12829388,14.92241479,chickpea
6.586777189,57,60,84,75.49101167,19.1034283,17.26184541,chickpea
6.89655198,52,68,78,86.05078037,17.48504075,16.96070581,chickpea
7.8067476560000015,43,79,79,80.25064637,19.40751744,18.98030507,chickpea
7.150681303,44,74,85,78.26039559,20.18649426,19.63719995,chickpea
6.64919573,24,55,78,75.57790384,17.30287885,15.15405941,chickpea
7.778591617999999,29,77,75,72.9446671,17.50361137,15.48083156,chickpea
6.358740355,20,60,78,90.7760707,18.17234999,14.70085967,chickpea
8.255450758,56,67,78,77.81891424,17.57445618,16.71826572,chickpea
6.456148474,37,66,85,78.06910795,20.93175255,18.91295403,chickpea
6.613072145,49,71,76,85.57925437,19.71098332,17.63879418,chickpea
8.165359297,59,69,80,69.40619137,19.07937684,17.86754927,chickpea
7.64867466,20,79,77,76.32565249,18.54988627,16.02542689,chickpea
6.545888558,24,56,85,80.6405403,18.19903647,17.41333199,chickpea
7.1042247970000005,51,72,75,80.11133840000002,18.88852533,14.99451145,chickpea
7.358099622,57,73,85,91.94595352,18.49311205,14.72115044,chickpea
6.4740245000000005,22,64,82,87.51312796,19.48974337,17.17260319,chickpea
7.840339388999999,52,73,79,94.00287214,17.25769499,18.74943955,chickpea
7.064790365,29,75,75,88.4585692,19.62416326,18.71483156,chickpea
7.599033472,44,59,78,84.78344008,20.67526473,19.85388984,chickpea
6.715587232000001,41,69,82,68.97806542,20.02381489,16.63294455,chickpea
6.81712422,52,56,85,88.68168643,20.118744600000007,14.44228303,chickpea
7.985417393,34,76,80,65.23811143,20.65691793,15.84572566,chickpea
7.545258424,42,74,83,65.78042032,19.2582557,14.2804191,chickpea
7.728998197,34,71,79,74.63872762,17.927806,15.85622899,chickpea
7.354973451,27,73,79,82.69766829,19.16288268,15.83500655,chickpea
7.313122235,30,70,79,69.64449182,20.26942271,19.96978871,chickpea
7.785039076,57,57,75,87.27444866,17.09104223,18.25142068,chickpea
6.307004922999999,27,79,82,70.87150577,17.06579293,17.54024066,chickpea
6.4039823160000005,32,71,85,92.06630306,20.62767492,14.44008871,chickpea
7.599279991,31,76,82,79.20509212,20.8248451,17.85057083,chickpea
7.217018459,33,75,84,68.81405149,19.46210401,18.72831993,chickpea
7.561108006,47,80,77,72.85017344,17.18248372,16.42891834,chickpea
7.489545074,54,62,80,79.45758333,17.48911699,16.39055394,chickpea
6.609696734,47,79,78,65.11365631,17.48395377,14.76014523,chickpea
7.476800943,35,57,83,80.4986291,19.48316794,17.44534641,chickpea
7.325451279,53,73,77,73.64476535,19.71359733,18.09665739,chickpea
6.489389282,45,61,78,81.52842690000001,19.48649305,16.06240074,chickpea
7.786366322,37,78,79,88.6810311,19.95264829,14.82633099,chickpea
6.4084378860000015,30,75,81,68.4951189,19.41789736,16.80472243,chickpea
8.423873703,37,55,82,78.44910564,19.45591848,18.02235902,chickpea
8.719960893,53,65,76,77.33795356,20.19137759,16.41998269,chickpea
7.811997977000001,22,60,85,94.78189594,18.8392908,14.74071856,chickpea
6.317153205,60,61,78,94.03659867,20.71219282,19.83643308,chickpea
7.114405288,42,67,77,78.69707199,18.99424448,15.9362937,chickpea
8.135900726000001,39,76,76,69.15759062,19.96837462,15.57324389,chickpea
7.714153037999999,35,63,76,90.82097601,17.81564548,17.60756635,chickpea
7.103798069,30,65,82,76.77888672,20.71424384,15.27824066,chickpea
8.861479668,57,56,78,67.9545435,17.34150229,18.75626255,chickpea
7.861128148,48,65,78,73.0926704,17.43732714,14.33847406,chickpea
7.4526709,36,56,83,69.09512477,18.89780215,19.76182946,chickpea
7.168096055,40,58,75,89.60982451,18.59190771,14.77959596,chickpea
7.26311855,49,69,82,81.78710463,18.31561493,15.36143547,chickpea
5.68597166,13,60,25,128.256862,17.13692774,20.59541693,kidneybeans
5.759237003,25,70,16,106.3598183,19.63474332,18.90705639,kidneybeans
5.873171894,31,55,22,109.225556,22.91350245,21.33953114,kidneybeans
5.926676985,40,64,16,140.3717815,16.43340342,24.24045875,kidneybeans
5.95561668,2,61,20,76.64128258,22.13974653,23.02251117,kidneybeans
5.9499490810000015,26,65,22,143.09841709999995,17.84806561,18.77621951,kidneybeans
5.789214288999999,17,57,21,60.91974792,19.88394011,20.31564139,kidneybeans
5.581021521,26,80,18,104.7783947,19.32509638,23.3334788,kidneybeans
5.689858133,17,59,17,132.9801054,18.416700100000003,23.42829938,kidneybeans
5.794158503999999,27,59,22,130.0608093,21.81167649,23.20591245,kidneybeans
5.748190462999999,28,58,24,143.7630894,19.72702528,18.28173015,kidneybeans
5.566522896,25,57,19,87.99669731,17.15432954,19.87070659,kidneybeans
5.809419584,28,80,17,144.1567454,19.62207826,18.67170854,kidneybeans
5.887263027,25,60,22,134.3649948,21.63149148,21.17919701,kidneybeans
5.99812453,12,78,23,88.06638775,16.06522754,18.72479695,kidneybeans
5.792744849,6,77,25,69.63833855,20.61162204,24.36314135,kidneybeans
5.912289889,22,79,17,116.5206923,21.42451099,20.39659714,kidneybeans
5.7883869510000014,27,80,15,86.21917578,19.07096165,21.21092266,kidneybeans
5.728233081,10,55,23,137.1948633,21.18853178,19.63438599,kidneybeans
5.833940084,23,65,20,108.3684316,23.0429097,22.42610972,kidneybeans
5.967533236,19,78,16,67.71768947,20.65375833,23.10538637,kidneybeans
5.6250964460000015,19,65,25,144.7902323,18.09551014,18.29318436,kidneybeans
5.515615023,22,70,19,69.44951585,18.23775702,21.07643273,kidneybeans
5.954665349,37,64,22,121.9401369,17.48189735,18.8251973,kidneybeans
5.74644777,11,71,17,82.68554379,19.9191786,21.47324158,kidneybeans
5.877347515,18,79,20,139.7521543,20.27514686,23.2353604,kidneybeans
5.979973965,21,63,17,108.3441414,15.77370214,19.2303162,kidneybeans
5.635993966,24,80,22,96.77285817,16.71170642,19.17651433,kidneybeans
5.635231778,34,60,22,100.6711761,17.66148158,18.15302753,kidneybeans
5.679224346,16,75,21,87.05132890000002,18.50692825,23.61670065,kidneybeans
5.670062975,17,77,23,64.19497947,24.51324787,20.81527638,kidneybeans
5.724242065,37,72,18,105.4120514,18.87614998,24.54038287,kidneybeans
5.811314232000001,40,73,20,61.13872036,21.59343016,20.31871249,kidneybeans
5.783425416,9,77,17,106.158201,20.12373284,24.45202552,kidneybeans
5.607808432000001,1,62,23,139.0302034,15.43546065,18.37477907,kidneybeans
5.946999529,33,59,22,122.3886015,22.64236876,21.59396123,kidneybeans
5.852046999,23,59,19,129.5650601,21.98560799,24.87304788,kidneybeans
5.824090984,6,62,22,120.4509288,20.53052663,18.09224048,kidneybeans
5.502999119,25,63,20,95.17028129,15.78601387,21.14544088,kidneybeans
5.821649914,7,79,23,96.65888933,19.6365349,19.68751084,kidneybeans
5.711439256,8,72,17,87.87869161,20.57341244,19.7520218,kidneybeans
5.514927264,27,64,15,138.2362122,20.16080524,24.84207559,kidneybeans
5.99616119,28,66,23,120.6913038,21.53989176,24.25386207,kidneybeans
5.695422862999999,32,57,18,107.3850593,15.53834801,23.75560241,kidneybeans
5.833010957999999,27,56,22,108.6434544,19.91853092,20.70099804,kidneybeans
5.568456899,17,77,24,109.0193712,20.76952209,18.93146941,kidneybeans
5.645435626,0,65,15,95.84253438,23.46168338,23.22197648,kidneybeans
5.821194486,13,72,21,60.27552528,24.32116642,21.0278674,kidneybeans
5.659254981,34,60,23,100.0497183,20.12574053,24.96969858,kidneybeans
5.945465949,9,80,19,125.0972687,21.80619564,18.57086554,kidneybeans
5.9511774520000005,11,72,20,113.334026,19.52226241,24.92607153,kidneybeans
5.520880013999999,3,67,24,103.2926407,17.00067625,19.90790546,kidneybeans
5.578410206,35,69,23,75.45328039,16.78791503,24.96881755,kidneybeans
5.608165195,3,77,25,62.21292186,24.84906168,22.89464642,kidneybeans
5.609435127999999,23,62,19,98.77794225,16.51783455,20.4555596,kidneybeans
5.509295379,22,71,17,107.6907964,18.15300153,19.38602098,kidneybeans
5.902033406,31,79,25,63.38208822,23.18864385,22.3104551,kidneybeans
5.744117663,34,59,18,87.66898664,23.38002569,21.98879437,kidneybeans
5.717143397,12,63,17,138.414764,18.358923,19.37703396,kidneybeans
5.542690119,27,56,20,94.9533526,19.25975367,20.51346956,kidneybeans
5.858617867,7,63,24,107.7315386,22.95458237,24.03553105,kidneybeans
5.618844277000001,24,67,22,104.6252153,20.120043,22.89845607,kidneybeans
5.6066203460000015,11,71,24,141.6056722,21.14011423,22.7182355,kidneybeans
5.582178402,37,74,15,62.7089169,24.92360104,18.22590825,kidneybeans
5.56503533,25,76,24,135.3315583,15.33042636,24.91506728,kidneybeans
5.889614577000001,34,66,17,125.084915,18.81097271,21.27833035,kidneybeans
5.934136378,20,69,15,107.4137246,23.44260668,22.77255917,kidneybeans
5.683548308,37,65,16,63.59276673,22.8352024,18.97267518,kidneybeans
5.70836603,18,74,15,146.4727237,24.9035819,22.27512704,kidneybeans
5.948164454,4,67,25,119.6404412,23.78709569,24.35679348,kidneybeans
5.774755143999999,37,56,25,126.7265372,22.05592283,19.60379304,kidneybeans
5.97229163,5,59,15,134.1811718,18.87492997,20.18238348,kidneybeans
5.532100554,11,61,21,135.33780330000002,18.62328774,23.02410338,kidneybeans
5.669560726,22,80,20,100.118612,23.00884744,18.86880997,kidneybeans
5.655726817000001,12,61,19,68.51253427,19.33162606,24.13995025,kidneybeans
5.591704013999999,5,74,21,66.97053257,16.24469193,21.35793891,kidneybeans
5.932323085,27,69,22,69.14681022,17.91652287,24.90814655,kidneybeans
5.824208308999999,31,75,18,88.88796102,15.46789263,21.43780702,kidneybeans
5.86442953,36,68,20,81.83420522,17.06104474,23.77201471,kidneybeans
5.866744372,5,65,16,109.1013261,21.32776028,18.48522915,kidneybeans
5.706198621,32,79,15,81.60211243,23.90910104,20.74619325,kidneybeans
5.940546818,11,78,22,112.6616435,23.89756791,22.74378977,kidneybeans
5.916779289,0,55,22,143.85849380000005,22.98666928,20.57940608,kidneybeans
5.779090476,14,59,15,146.4548645,21.35135729,22.91244883,kidneybeans
5.82738029,29,68,23,116.7324324,24.1638445,19.27907819,kidneybeans
5.514234138,32,68,19,149.7441028,24.62835037,18.18325169,kidneybeans
5.662699104,17,64,17,124.6118471,21.02213209,24.93896255,kidneybeans
5.86390397,13,69,19,115.199245,17.30844532,20.01730914,kidneybeans
5.624690247999999,14,67,22,84.64143632,23.82576704,24.75485098,kidneybeans
5.591560999,9,69,20,129.3449326,19.30607278,23.96362799,kidneybeans
5.976312537999999,20,73,22,130.3900798,16.03768615,22.33195853,kidneybeans
5.669236258,40,78,20,80.15293435,19.18572809,20.83398341,kidneybeans
5.961934481,27,72,23,64.02640797,19.92889503,21.79992115,kidneybeans
5.690065688,14,67,15,139.2921004,19.56376468,24.67385131,kidneybeans
5.698371311,7,56,18,76.14153904,18.31357543,24.32991649,kidneybeans
5.59503163,27,65,18,73.36386477,20.10993761,23.22323766,kidneybeans
5.5259045260000015,30,63,16,100.5978728,23.60506572,21.90539577,kidneybeans
5.819403771,37,70,25,84.06354115,19.73136909,24.89487354,kidneybeans
5.562201934,27,63,19,133.1914419,20.93409877,21.1893007,kidneybeans
5.630664753,22,60,24,104.2570723,18.78226261,20.24768314,kidneybeans
6.03160778,3,72,24,122.6539694,36.51268371,57.92887167,pigeonpeas
5.269084669,40,59,23,163.7266551,36.89163721,62.73178224,pigeonpeas
5.985792703,33,73,23,103.3301803,29.23540524,59.38967583,pigeonpeas
6.09186275,27,57,24,142.33036769999995,27.33534897,43.35795962,pigeonpeas
5.624731337999999,10,79,18,184.6226709,21.0643684,55.46985938,pigeonpeas
6.446091759,30,75,25,149.299952,30.33276599,42.35249879,pigeonpeas
5.623490042999999,40,70,20,147.03614419999997,31.80130272,45.03186173,pigeonpeas
5.864623352000001,38,55,19,198.8298806,33.18184225,38.23184742,pigeonpeas
5.761702519,35,58,20,90.05422663,29.38538562,63.47742011,pigeonpeas
4.696518678,38,61,21,127.7767134,30.27374995,67.38680755,pigeonpeas
5.269504214,33,58,24,108.6333046,35.45790488,68.75810535,pigeonpeas
7.445444882999999,16,56,17,176.6165894,33.80020039,40.03262418,pigeonpeas
5.833031707999999,31,72,17,96.36222901,28.69180475,49.47225353,pigeonpeas
7.3393209289999986,16,80,20,122.0146733,31.24021696,56.67369054,pigeonpeas
6.347929353,27,72,17,120.7435664,28.98039357,57.23265151,pigeonpeas
4.697750704,40,62,19,96.51524028,27.32198928,34.13737127,pigeonpeas
4.962661422,18,58,16,180.382234,21.47607807,38.80023714,pigeonpeas
4.964887857,3,68,16,107.4721605,18.31910448,34.69776639,pigeonpeas
5.642813116,26,67,24,161.48129630000005,36.97794384,37.73992903,pigeonpeas
5.6093956,16,70,20,121.5639121,24.80467592,40.1242747,pigeonpeas
4.681576043,24,63,19,194.5921148,19.3479443,55.96805489,pigeonpeas
5.70951224,9,76,25,179.2155874,28.88302142,50.12323801,pigeonpeas
6.413543781,16,55,19,192.4372194,19.54314136,47.19188279,pigeonpeas
6.007508163,28,75,21,114.2821387,24.7741949,50.54621094,pigeonpeas
4.946369874,16,71,24,139.64833169999997,18.33124824,38.40975482,pigeonpeas
5.517208078,24,70,21,132.7748215,19.14729038,45.3733757,pigeonpeas
5.902103172,38,72,21,186.5008581,28.23416057,49.4421345,pigeonpeas
5.719889876,9,66,21,157.0858232,30.11812084,34.13307843,pigeonpeas
4.548202098,34,56,17,139.6702541,33.4126864,35.42910045,pigeonpeas
6.6695294160000005,1,76,19,177.3377996,24.18553163,46.68746847,pigeonpeas
4.7509292180000005,6,69,19,94.46748008,26.88630675,41.69617915,pigeonpeas
4.946263888,26,73,21,161.7820226,31.33170829,57.97429171,pigeonpeas
5.266227032,27,61,18,108.5090168,33.30711818,67.07780816,pigeonpeas
7.10959773,27,71,23,150.87122019999995,23.45379018,46.48714759,pigeonpeas
5.617008201,36,61,21,168.5948318,34.53823889,39.04468913,pigeonpeas
5.632353113,17,73,18,197.3752649,19.50112224,34.51086611,pigeonpeas
4.674941549,26,72,22,91.72084869,28.76794904,37.57792132,pigeonpeas
7.161797643,17,64,16,180.716828,30.97758716,32.24914235,pigeonpeas
6.624966131,14,74,19,93.12330644,18.39759147,36.82639309,pigeonpeas
5.004074623999999,39,60,15,116.9106908,35.09357419,30.98685456,pigeonpeas
6.3458060110000005,6,66,15,159.2649827,34.93174223,30.40046769,pigeonpeas
6.216814453,8,59,18,187.8961851,29.50523036,35.72032498,pigeonpeas
5.921666758,2,67,18,129.0064612,34.51934775,47.52980027,pigeonpeas
6.012719118,1,76,17,147.0414824,28.43430726,52.10010827,pigeonpeas
4.684079249,16,73,19,163.27474730000003,18.41645629,34.80541039,pigeonpeas
7.077170002000001,23,75,25,91.31256412,31.07508973,47.19847683,pigeonpeas
6.208843215,32,70,20,195.5697875,20.89342749,46.24856523,pigeonpeas
7.05181629,28,59,22,170.99198280000005,30.90607799,52.79913039,pigeonpeas
4.722222454,5,62,23,145.3728801,27.9348279,66.45457122,pigeonpeas
6.418062652000001,36,67,25,136.0456753,35.95176642,36.52780776,pigeonpeas
4.803564468,1,66,23,173.1686574,19.54317155,56.92831399,pigeonpeas
4.608695247,24,73,20,176.4134092,19.63736208,32.31528909,pigeonpeas
5.611510977000001,17,67,18,129.20286529999998,31.2192752,56.46868874,pigeonpeas
7.322097972000001,5,55,18,126.6738117,33.50876355,45.70976142,pigeonpeas
5.023115055,5,56,24,188.4928637,24.80710166,45.01110015,pigeonpeas
5.617122801,37,77,17,191.0658531,36.20970524,31.94550613,pigeonpeas
5.391560417999999,13,73,20,162.59277230000004,30.50420876,35.48885969,pigeonpeas
5.906596905,6,63,23,160.33374469999995,26.01630259,49.94704718,pigeonpeas
6.574209678,16,77,22,100.546816,31.48469278,35.6395615,pigeonpeas
4.807776748999999,25,64,20,105.03802749999998,33.15122581,32.45974539,pigeonpeas
4.760038038999999,34,75,24,192.3023991,23.50222822,51.29019509,pigeonpeas
5.180271502,20,77,23,148.25027859999997,34.87248659,38.83786012,pigeonpeas
4.895927306,35,80,25,197.1144011,28.09269012,44.93322042,pigeonpeas
6.436160044,14,75,24,118.3606557,24.54757829,57.3414485,pigeonpeas
7.066087261,36,80,21,100.4673278,33.64769646,48.41490082,pigeonpeas
6.655918077999999,7,77,18,191.0895109,20.5591255,60.54880693,pigeonpeas
5.982854522999999,29,78,25,195.787103,19.95991719,59.33157782,pigeonpeas
5.457871272999999,30,60,21,182.2688175,28.87667593,62.4901206,pigeonpeas
4.759490199,20,74,16,159.8938645,36.04353699,43.61444121,pigeonpeas
7.342409555,19,57,23,141.12507219999995,23.6734328,47.2879691,pigeonpeas
4.820788186000001,3,60,19,100.7791633,25.74679443,40.7192594,pigeonpeas
6.242052013,5,77,19,175.9303271,31.08564994,66.68832981,pigeonpeas
5.001038726,5,68,20,139.8710041,18.72987676,61.33186249,pigeonpeas
5.560224582999999,37,73,21,189.5208915,29.50304807,63.46513414,pigeonpeas
4.747352458,9,59,24,137.22796619999997,20.43517772,39.37252634,pigeonpeas
7.313517308,20,72,15,134.8596466,36.00415838,56.01334416,pigeonpeas
5.661826398,31,56,23,174.5723999,31.46846241,35.39454002,pigeonpeas
4.672437054,0,70,21,101.6073988,36.30049702,56.03021253,pigeonpeas
6.471862118,21,74,15,153.2504506,29.49096726,67.10604388,pigeonpeas
5.384762927000001,13,67,18,177.5764304,30.5753044,34.75591197,pigeonpeas
5.8598134160000015,27,74,20,91.95792434,24.69487673,59.96669215,pigeonpeas
6.962386495,29,72,24,162.5931264,23.17409556,36.67847052,pigeonpeas
6.12166671,5,68,20,155.3705624,19.04380471,33.10695144,pigeonpeas
6.421748487,39,57,19,165.4113371,29.32379604,45.93248374,pigeonpeas
4.828936119,22,62,16,180.9009998,34.6455408,54.32342534,pigeonpeas
6.98571967,18,55,23,136.82743119999998,21.9989826,56.31006755,pigeonpeas
4.603563116,39,77,21,159.689339,22.99774444,60.24218572,pigeonpeas
6.979540061,13,75,20,178.8998611,30.55992394,35.29006485,pigeonpeas
7.064973419,27,71,24,165.40535400000005,31.46417866,48.17631461,pigeonpeas
5.16516459,26,64,22,109.1821183,25.95058595,40.58227261,pigeonpeas
5.111488821,23,55,16,185.2039114,21.01142393,69.69141302,pigeonpeas
5.374358869,4,69,19,149.063196,19.25100056,47.70351758,pigeonpeas
5.671419084,20,67,19,180.6465282,19.24462755,50.54495302,pigeonpeas
5.667419697000001,7,74,17,96.74706956,22.47253208,62.56532471,pigeonpeas
6.07938452,17,64,18,124.6028153,36.75087487,58.25799145,pigeonpeas
6.931924962999999,35,71,17,198.1403003,29.89286629,66.35375127,pigeonpeas
6.842744374,11,72,22,172.40168,29.37735586,44.82294584,pigeonpeas
6.876572502999999,20,60,22,186.9226052,29.65052947,42.89833235,pigeonpeas
6.151029296,10,71,18,173.11069819999997,19.54284889,66.34777265,pigeonpeas
4.567446499,33,61,24,122.4564203,20.04611791,48.93905624,pigeonpeas
3.692863601,3,49,18,32.67891866,27.91095209,64.70930606,mothbeans
4.371745575,22,59,23,36.5037914,27.32220619,51.27868781,mothbeans
8.399135957999999,36,58,25,36.92629678,28.66024187,59.3189118,mothbeans
8.840656256,4,43,18,72.98016599,29.02955344,61.09387478,mothbeans
8.153022903,29,54,16,32.05025323,27.78031515,54.65030015,mothbeans
5.270749441,32,43,22,71.6266696,31.99928579,54.1077461,mothbeans
8.050304395,14,55,15,73.44775287,27.33580911,55.27755933,mothbeans
9.679240873,5,35,20,66.35634104,28.92952635,53.57014709,mothbeans
6.974978386,25,57,24,36.94255012,27.65472156,58.59986279,mothbeans
7.39389918,11,53,24,61.32935611,28.52396666,55.77264351,mothbeans
6.68727523,40,49,17,53.56783314,31.02215872,45.89239456,mothbeans
7.88118645,38,56,25,67.43488235,25.74095321,45.38497051,mothbeans
5.875333778,27,43,23,44.94317432,31.70447482,56.85420099,mothbeans
8.202706015,24,38,22,34.96933295,24.47876451,58.51663927,mothbeans
8.985348193,23,45,21,74.44330654,31.46511256,51.79939437,mothbeans
5.87707519,29,57,20,53.39249517,25.60973447,50.7330069,mothbeans
7.707595055,31,35,23,68.04039813,30.30260453,47.18283631,mothbeans
4.524171562,0,55,25,45.78172762,28.17489437,43.6672299,mothbeans
9.926212291,7,45,22,74.32635105,25.50634557,44.8302551,mothbeans
6.455592696,17,58,25,32.76742894,31.12896766,43.58788762,mothbeans
8.016210782,11,44,17,35.1051197,26.34043268,55.59160391,mothbeans
3.71105919,22,49,22,72.66666443,28.23494706,61.5620517,mothbeans
5.49091063,9,51,19,48.25207759,27.04453473,49.32609633,mothbeans
9.254089438,28,48,15,40.89732789,25.16125354,55.25435777,mothbeans
6.005242945,26,50,19,32.55919573,27.3179125,51.66921088,mothbeans
7.437078236,36,56,20,31.87416982,25.4123765,49.66474269,mothbeans
3.808429173,8,60,18,53.1205277,31.21629982,46.01868196,mothbeans
5.818219385,24,37,21,62.74803826,30.573999,58.22686794,mothbeans
4.52363558,22,43,24,46.19374559,25.42517036,53.22082660000001,mothbeans
3.510404312,36,43,24,41.53749535,27.09400578,43.65305437,mothbeans
6.030447288,22,44,24,58.99536268,24.30935081,56.32938343,mothbeans
5.498340807999999,17,43,22,41.0550915,30.06142622,45.90067655,mothbeans
4.61136408,8,45,15,33.84110759,28.09568993,60.98353839999999,mothbeans
5.545219232000001,7,56,23,55.50429227,26.33908791,40.00933429,mothbeans
8.292875733999999,36,57,16,57.02891698,28.61409059,57.14218792,mothbeans
3.828031463,11,45,19,44.11622138,28.70012137,44.359648,mothbeans
8.869532817,6,36,22,42.24783476,24.21610338,59.79236306,mothbeans
3.793575185,17,57,20,66.1761456,28.50677929,45.20094476,mothbeans
4.193189124,4,47,20,72.19245835,25.97948991,64.95585424,mothbeans
7.661537347999999,9,49,16,55.053805,30.88482722,41.36561835,mothbeans
9.392694614,25,51,24,65.07981523,25.5042419,61.66852372,mothbeans
4.516154055,36,44,21,38.48678973,25.12528913,51.33189406,mothbeans
5.794289715,21,38,20,62.20279647,27.10508014,63.56791363,mothbeans
7.354286985,37,57,20,70.79934452,31.1006247,44.82069159,mothbeans
5.993513566,32,48,18,64.16167699,26.45707778,56.40226277,mothbeans
8.620107545,29,44,20,31.83192392,30.04132304,63.56222995,mothbeans
9.45949344,25,51,18,50.28438729,27.77799528,54.82130787,mothbeans
8.0344125,10,44,24,58.27600682,30.99256944,43.02151392,mothbeans
5.414492777,23,35,18,36.99362831,26.4908332,47.36534833,mothbeans
6.2760043360000015,9,60,23,64.25520357,31.96987867,57.17377029,mothbeans
9.160691747,3,58,21,55.60523179,25.36140526,46.82652785,mothbeans
7.887658711,22,42,22,48.46797044,25.54249137,56.96640758,mothbeans
8.183844843,12,39,21,70.4713043,28.99319096,62.85948245,mothbeans
9.072011412,39,36,22,34.03335472,29.34317422,60.50320928,mothbeans
7.702287236,32,41,16,68.54877876,28.63618921,61.39451307,mothbeans
5.88509677,30,41,15,52.0810886,24.83206631,44.17085032,mothbeans
6.16496284,19,36,22,57.04826619,25.44689075,58.55363573,mothbeans
3.504752314,4,46,15,63.77192383,31.01274943,62.40392519,mothbeans
7.388007482999999,21,39,20,60.74583498,27.06179658,52.3003173,mothbeans
8.340398059,35,57,25,71.12710390000002,27.0956288,42.26206161,mothbeans
8.66077954,22,55,24,64.53027638,28.56800579,57.30636014,mothbeans
3.558822825,35,51,17,40.85534718,28.79929247,49.84213387,mothbeans
5.9565851,17,56,17,69.66289997,27.94293692,45.41393636,mothbeans
9.416003106,28,57,17,61.86633917,30.47757686,61.58245338,mothbeans
8.18422855,22,36,16,64.58559639,30.58139475,50.77148138,mothbeans
5.131779302,11,41,19,44.13827124,26.85911286,41.81420849,mothbeans
6.294130312999999,38,38,18,35.73403813,26.31051759,61.18749126,mothbeans
7.991902443,23,37,24,33.95825723,28.77833449,44.2252605,mothbeans
8.923095695,25,35,20,71.90018566,28.90245417,43.35365671,mothbeans
6.878498176,40,45,20,38.34303462,29.37687468,57.69622912,mothbeans
5.243634848999999,23,58,19,59.18953429,24.17093241,58.25204566,mothbeans
7.550090941,2,56,23,36.91852635,26.65333029,59.79023382,mothbeans
8.709291687999999,3,56,17,52.13580529,28.19912143,53.50567601,mothbeans
7.792508067999999,26,51,25,55.21606732,28.76488954,52.62741529,mothbeans
8.055908857999999,39,42,20,40.82840673,29.3499706,61.25353851,mothbeans
4.397698806,27,59,20,36.01203025,28.00937423,52.60950014,mothbeans
5.9523849570000005,24,45,19,34.7426459,26.85851927,48.8246387,mothbeans
8.532078732999999,7,40,17,53.78769958,31.2123945,40.92604945,mothbeans
7.224193642,15,45,23,46.0203959,24.20422636,61.43378674,mothbeans
4.931890506,26,52,23,52.92929636,29.98835437,49.60384796,mothbeans
4.626212446,20,45,16,45.43669946,29.93964907,54.61813464,mothbeans
5.026003659,34,54,24,68.80141783,31.2119298,41.55934359,mothbeans
3.5253661,19,51,25,43.87801983,26.80474415,48.23991436,mothbeans
8.86979671,29,41,21,64.56807592,31.49398069,62.84916863,mothbeans
9.406887533,20,50,22,38.31597852,30.99694676,46.42693735,mothbeans
5.80428611,11,40,23,50.1978269,29.61253065,63.04749127,mothbeans
8.35495812,15,54,15,44.86052932,29.97604322,57.03184356,mothbeans
8.634929739,35,55,22,55.51932414,30.88883074,52.62696801,mothbeans
7.699200949,9,59,25,35.37493212,30.39321309,60.16299493,mothbeans
5.261285926,40,45,18,30.92014047,30.43683729,55.20522037,mothbeans
9.112771682,35,38,19,32.71129281,25.32688786,63.18180319,mothbeans
4.605700542,14,58,17,33.48919022,30.53684308,59.96664731,mothbeans
7.115994051,40,55,18,47.95406479,30.38257873,40.5926071,mothbeans
7.214078621,18,36,23,35.03404425,24.01825377,53.76623369,mothbeans
9.93509073,35,52,15,65.67591794,28.69841277,61.14754363,mothbeans
8.914074888,4,59,22,42.44054315,29.33743412,49.00323081,mothbeans
8.639586199,22,51,16,70.10472076,27.96583691,61.34900107,mothbeans
8.621514073,33,47,17,63.9187654,24.86803974,48.27531965,mothbeans
5.838508699,2,51,17,38.53254678,25.87682261,45.96341933,mothbeans
3.532008668,16,51,21,32.81296548,31.01963639,49.97675220000001,mothbeans
7.18530147,19,55,20,54.73367631,27.43329405,87.80507732,mungbean
7.034214276,8,54,20,38.7976407,28.3340432,80.77275974,mungbean
6.635968697999999,36,55,20,55.296354,27.01470397,84.34262707,mungbean
6.828187498999998,10,56,16,36.35720652,28.17432665,81.04554836,mungbean
6.89077995,22,56,17,44.75215854,29.87888063,87.32761241,mungbean
7.165121108999998,9,57,24,42.99498978,29.89232778,89.71503316,mungbean
6.935804256,34,59,23,56.48265193,28.56212158,83.24855855,mungbean
7.196774236,31,51,25,53.01899249,27.53592929,85.57019009999998,mungbean
6.990095452,0,49,18,41.82490236,29.68361658,87.93598094,mungbean
7.064782137999999,21,39,20,46.75690086,28.14448546,82.1193047,mungbean
7.156563094,28,35,22,59.87232071,29.53037621,86.73346018,mungbean
6.364967184,17,52,17,44.64407105,27.88352946,86.45147631,mungbean
6.428054409,24,42,23,44.01206619,28.22471276,82.35916228,mungbean
6.664187809,28,46,16,45.91011391,29.008124,84.96089355,mungbean
6.637677489,21,38,21,37.54602719,29.75538903,86.45193297,mungbean
6.79385576,34,60,25,40.77872823,29.78416743,85.16906976,mungbean
6.852884642999999,19,53,22,42.83053902,27.8640132,80.4513142,mungbean
7.121571293,31,58,15,51.52617423,27.11026483,84.96771717,mungbean
6.883308033,19,35,24,49.11964582,27.11030369,83.64274107,mungbean
6.421271178,24,53,17,57.65901369,28.95451232,89.07866095,mungbean
6.54450214,13,47,20,43.1386631,29.21780035,87.93724219,mungbean
6.452006451,31,53,16,48.54598575,28.7420098,85.81675947,mungbean
6.489259136,28,45,23,56.76278363,29.65021184,80.29868321,mungbean
6.713410626,31,37,21,37.31236904,27.23924995,86.404241,mungbean
6.510840928,33,60,15,56.51103293,28.95172351,81.67085323,mungbean
6.2873801170000005,34,45,21,37.01110438,28.18837136,82.60629652,mungbean
6.86308576,13,57,25,50.47333854,28.30041493,86.20681554,mungbean
6.78415271,33,57,17,57.79863368,27.89636126,88.71782287,mungbean
6.769415887999999,32,57,22,44.56598352,28.6899851,87.50436797,mungbean
6.320768488,23,59,25,56.68833819,27.826262300000003,88.73100226,mungbean
6.705008503999999,35,41,18,59.87065439,28.70562673,81.59200689,mungbean
6.790736339,6,48,24,48.48319335,28.6362812,84.61431076,mungbean
7.130278657000001,29,36,25,48.56690235,28.28511547,88.4393979,mungbean
7.012740397000001,4,36,22,43.80041104,27.60887393,86.13316408,mungbean
7.1556850160000005,10,59,22,36.94616965,28.60901145,86.99495766,mungbean
6.991242362,14,48,21,53.43228915,29.24598976,84.80084105,mungbean
6.218923893,8,50,21,50.49913241,28.62911222,89.11480590000002,mungbean
7.199495367999999,20,40,15,45.04467075,29.57329479,88.07505524,mungbean
6.3898821660000005,36,43,22,58.37249772,27.82684262,87.16679147,mungbean
6.623438282,14,57,15,40.12044158,29.8757015,83.14796296,mungbean
7.033012777000001,11,60,23,51.09802625,27.33684386,88.50229102,mungbean
6.32400451,10,59,15,58.86687093,29.83040388,89.30428305,mungbean
6.397636709,7,60,25,56.04995423,28.2753171,82.76020821,mungbean
6.401455706,2,47,15,58.41394143,29.86860065,85.99127934,mungbean
6.904587016,20,45,22,54.96121262,29.5888162,89.9939693,mungbean
6.478557136,2,39,15,49.61865305,28.07219563,82.9116472,mungbean
7.063022095,27,40,24,52.84626009,27.84026517,89.99615558,mungbean
6.981758362000001,35,48,15,55.03723979,27.10818093,87.45126690000002,mungbean
6.227134139,4,59,25,54.62243308,27.68515114,81.94268594,mungbean
6.232836962,1,48,24,59.03629954,29.34594634,85.60472562,mungbean
7.140437859,36,43,21,52.93031105,28.36319404,84.8593608,mungbean
6.459252023,11,46,24,56.52558045,27.65280218,89.80650642,mungbean
6.568795403999999,34,47,19,53.15223123,27.31372793,85.44815232,mungbean
7.12851089,21,44,18,50.46746116,27.06909959,86.89934108,mungbean
6.42937879,17,58,20,39.23831035,28.06642822,85.91625451,mungbean
6.248900919,25,40,21,44.17580911,27.73329078,81.13903037,mungbean
6.619891497999999,2,38,18,45.48591922,27.53632932,89.92908171,mungbean
6.377568542000001,9,48,20,56.09542002,29.66461594,84.28187572,mungbean
6.415459592,37,49,25,41.39081525,29.914544300000006,85.85384444,mungbean
6.3206620120000006,36,38,15,57.99524359,28.36363858,87.59810657,mungbean
6.978400282000001,40,58,15,43.15411472,29.46416042,87.60890009,mungbean
6.442335592999999,30,44,16,50.91511275,29.73013036,82.89166381,mungbean
7.184398832,1,59,23,43.78420984,27.46852989,87.17649,mungbean
6.402926221,9,48,22,49.50812624,27.77076285,87.09979549,mungbean
7.085982325,14,41,17,36.45012824,29.12939524,88.48312598,mungbean
6.698574085,35,52,19,37.45680611,27.10606808,89.89593328,mungbean
6.594739424,31,48,17,53.79732545,28.88078945,86.94206817,mungbean
6.647965508,4,41,20,37.44800463,28.14720892,83.8001509,mungbean
7.120032489,30,37,25,54.7960127,29.89129144,80.14487166,mungbean
6.91380932,9,35,20,40.53173216,27.41503453,80.98004661,mungbean
7.073048264,20,41,20,50.9246554,29.27308605,89.4875022,mungbean
6.5304707,37,50,23,56.01913159,29.65296893,88.48587386,mungbean
6.684381357,34,35,21,58.18713162,28.44524991,82.67639542,mungbean
6.581351374,14,37,15,48.9366954,27.96235681,83.97586797,mungbean
6.86483915,23,39,22,42.02483277,29.25649321,81.97952224,mungbean
6.487124217000001,5,45,21,43.05130077,28.36291385,88.00989267,mungbean
6.605733067999999,22,37,20,39.26137642,27.62749466,86.49366929,mungbean
6.860602782000001,40,51,17,50.01534317,28.66086349,86.12194568,mungbean
6.41874299,27,56,20,51.53848218,29.2114218,87.11497805,mungbean
6.365513634,31,40,22,53.35486977,29.40889385,86.16063492,mungbean
6.5563729660000005,38,36,21,36.12042927,28.02952623,84.8845732,mungbean
6.760694227999999,6,37,17,38.14476781,28.08657178,80.35005927,mungbean
6.715276662999999,6,47,18,40.16545979,29.16174608,80.28038146,mungbean
6.666380512000001,24,44,17,50.66487502,29.8596912,80.03499648,mungbean
6.626629798,25,59,19,43.95183726,29.06631494,83.6869203,mungbean
6.702772465,32,56,21,58.29933073,27.38538997,88.66663953,mungbean
7.011030515,8,45,18,43.25095608,27.93034941,85.42058715,mungbean
6.890156495,19,39,17,44.47427436,29.2808618,81.8009244,mungbean
6.821747052,39,37,15,59.84499208,28.9973145,83.78911515,mungbean
7.183189922,33,37,19,43.4826194,27.92678579,86.5543196,mungbean
6.27258822,26,54,17,49.4897245,28.5474135,88.9570454,mungbean
6.679127482,21,51,15,48.30159325,29.36488409,89.1886954,mungbean
6.689825155,22,54,20,41.013132,28.56149805,83.63802195,mungbean
6.583381939,29,45,16,43.12063289,28.43683487,87.91332682,mungbean
6.725551062,4,40,21,44.30070517,28.79728147,80.45744422,mungbean
7.069747813999999,10,37,22,58.52974279,28.7275267,89.12760359,mungbean
6.921993877999999,4,44,19,43.25726752,27.95639663,83.52706038,mungbean
6.770955317,20,45,17,37.2464655,28.17458662,83.69659318,mungbean
6.983130466,23,45,23,56.12443206,28.77653519,86.69133979,mungbean
6.267684328,25,48,21,52.55469976,28.438097,83.48991368,mungbean
7.454532137,56,79,15,71.89090748,29.48439992,63.19915325,blackgram
7.040056094,25,62,21,67.15096376,26.73433965,68.13999721,blackgram
7.418650668,42,61,22,70.23207557,26.27274407,62.28814857,blackgram
6.501869314,42,73,25,73.23573601,34.03679184,67.21113844,blackgram
6.814410927999999,44,58,18,72.49507741,28.03644051,65.06601664,blackgram
7.581442888,50,55,16,62.26242533,28.81460716,65.33538112,blackgram
7.741418772,35,72,21,66.85510868,34.03619494,64.28791388,blackgram
6.573531614,30,64,20,68.02199825,33.8642935,61.57072498,blackgram
7.543804222999999,27,64,21,73.67166182,32.84213012,68.68401492,blackgram
6.5408208,50,74,17,73.84949872,27.10053268,63.36085585,blackgram
7.22405917,39,73,24,69.28607828,25.65842532,61.18235808,blackgram
7.551364319,57,67,25,64.55882254,32.34744009,66.61452812,blackgram
6.928898659,52,63,19,67.53021213,29.58949031,68.32176769,blackgram
7.747775262999999,55,66,22,66.63830637,30.91219459,68.79427388,blackgram
6.706505915,51,56,18,70.86340755,28.12787838,64.2097765,blackgram
6.668238556,36,66,15,67.1367443,30.08545364,69.34811988,blackgram
7.332375138,59,55,19,68.97097538,31.74379487,62.51007687,blackgram
7.596802025,50,58,23,69.75555541,27.81326852,62.50460464,blackgram
7.70650895,30,65,25,71.50569456,32.88733849,64.59457409,blackgram
7.366542647,20,62,18,61.91208707,29.36358721,64.98742947,blackgram
6.919243702,58,71,15,74.01229707,27.82592799,67.58618829999999,blackgram
7.187721817999999,25,71,24,74.91559514,28.49538735,60.44848407,blackgram
7.0758864720000005,52,71,16,71.78615328,27.74274761,68.53997144,blackgram
6.74441168,40,63,18,63.02473185,30.41588462,67.66323804,blackgram
6.726469087999999,20,60,25,61.19250859,27.3254209,69.09047809,blackgram
6.628264883,48,61,21,65.62859526,30.28496619,61.69295127,blackgram
7.127064207,49,68,22,63.49726331,28.56840626,61.53278622,blackgram
7.538631462000001,48,62,15,65.81655892,25.36586097,66.6379724,blackgram
7.162357641,32,66,17,70.1415139,34.9466155,65.26774011,blackgram
6.859409487000001,21,63,22,74.61649888,25.09737391,67.72837887,blackgram
7.397190844,20,72,19,65.82045699999999,32.47648301,64.34848735,blackgram
6.880245789,25,65,21,69.24464096,33.86351172,68.59232289,blackgram
6.581313137,41,78,21,70.88787207,25.19857725,60.37332688,blackgram
7.296972161,53,67,17,61.46892873,31.77681682,69.01852894,blackgram
6.97297656,39,60,21,64.72797143,34.89814946,63.59948557,blackgram
7.241148507,25,76,17,62.3061735,31.74105409,68.63525428,blackgram
6.92009048,21,78,19,69.85112265,27.16159076,66.76017239,blackgram
7.504608385,57,60,17,73.58663968,26.23773129,67.88521396,blackgram
7.152272256,56,75,15,66.37171179,30.20157245,60.06534859,blackgram
7.137004749,49,72,15,74.86960831,31.55846339,67.83563765,blackgram
6.8080417220000005,24,80,19,65.66436565,29.67892453,69.0854554,blackgram
7.393631868,49,76,18,60.4693835,27.05365239,67.7017527,blackgram
7.69950698,28,68,19,72.43169115,34.63880966,61.38597868,blackgram
6.602888248999999,55,78,21,63.57445989,33.39438752,62.93692886,blackgram
6.734447425,50,64,25,70.25496749,28.84079155,63.37230676,blackgram
6.521217963,34,80,19,71.48327008,31.49338309,63.0563645,blackgram
7.707332484,20,68,23,63.1830529,25.54960633,63.95425534,blackgram
6.596719015,55,67,16,70.27184748,34.37329112,69.69366426,blackgram
7.403623355,23,70,15,60.41790253,34.600824700000004,63.11296779,blackgram
7.517097,53,74,15,72.17818157,29.43463808,64.94329356,blackgram
7.17620823,26,67,16,67.83345933,29.10713092,67.90577375,blackgram
6.593961761,33,80,22,70.0866434,28.57006111,65.71765781,blackgram
7.143942758,37,79,19,69.40878198,27.54384835,69.3478631,blackgram
6.690655045,33,75,21,62.30278274,33.04687968,68.93875631,blackgram
7.423530351,22,55,20,61.16350463,33.95309131,69.96100028,blackgram
6.578714842999999,20,68,17,71.72980375,30.11873003,60.11680815,blackgram
7.497469256,43,68,20,69.43895491,29.57812712,66.17587668,blackgram
7.775306272000001,44,76,22,68.91754359,27.26458947,68.01232937,blackgram
7.322555222999999,34,60,16,63.85668948,31.35730791,64.24992106,blackgram
7.580527339,21,72,17,61.71111448,31.52104732,66.55723677,blackgram
7.1084501210000015,25,68,19,67.47677295,29.39982732,64.25510719,blackgram
7.358974541,41,62,15,65.24194361,29.38400259,64.14928485,blackgram
7.405176138,28,65,23,74.24459122,28.38686534,61.88871127,blackgram
6.500144962,35,64,15,69.5274407,28.47442276,63.53604453,blackgram
7.167435834,52,58,16,71.36947525,30.64095781,61.14508627,blackgram
7.261791753,58,75,25,68.64685069,25.25596239,61.36669662,blackgram
7.586642101,34,66,19,73.44678678,32.97030511,60.18122078,blackgram
7.534811832999999,52,70,16,67.32520551,33.66855394,66.60416867,blackgram
7.251000789,23,57,19,73.40452716,32.83963757,67.99803573,blackgram
6.513620917999999,42,58,25,69.46020927,27.45853567,62.90020977,blackgram
7.121254928,37,62,17,74.62068748,25.68576704,69.84354028,blackgram
7.574561547,44,75,22,71.21006868,30.0328403,64.14800537,blackgram
7.350869792,21,80,20,64.32887142,28.20667264,68.27085245,blackgram
7.5131510760000015,56,76,16,63.29900785,28.27265858,61.18956161,blackgram
7.0256077060000015,29,76,15,69.68862306,28.541723600000005,64.2020154,blackgram
6.804253866,43,61,20,63.51822045,26.87187036,61.61367264,blackgram
7.163043872,55,60,15,64.11411069,32.79766751,68.77994074,blackgram
7.338929556,44,63,15,63.46546487,26.42333018,64.51136845,blackgram
6.621323612,29,67,21,63.02169909,29.79181107,63.38789228,blackgram
6.661870999,47,63,16,72.50669768,27.44003279,67.10464369,blackgram
7.733149554,40,68,17,70.40795007,34.1262979,65.14877461,blackgram
7.402891666,58,61,15,62.78730907,30.94908189,64.23364112,blackgram
6.599147297999999,41,74,18,73.37686831,28.75751783,61.02701476,blackgram
7.04174124,58,79,17,62.31842057,27.24766491,66.10123083,blackgram
7.353876754,27,62,24,62.2737345,28.63005477,66.770943,blackgram
7.026795358999999,27,60,17,64.42177127,26.41768321,63.64698302,blackgram
6.814301033,52,65,20,68.83924882,32.81705216,66.15665137,blackgram
7.42160832,44,55,25,71.16331975,29.6321052,65.91359954,blackgram
6.8473828910000005,21,62,24,65.45328463,33.49077065,62.73317204,blackgram
7.191522601,60,59,22,74.22238583,31.86847286,66.74217464,blackgram
7.01285529,33,77,21,71.64631281,30.32992227,65.62971858,blackgram
7.368318809,59,58,17,62.83469851,28.546224,66.31394098,blackgram
7.26154329,29,63,17,66.47264636,30.02629908,67.88811637,blackgram
6.52669158,59,63,18,66.69096751,31.65531175,60.13263713,blackgram
6.872594461,29,70,15,74.16699119,30.33499674,63.54718862,blackgram
6.874142175,58,73,16,64.89517488,33.36984395,65.67718163,blackgram
7.76061831,55,77,22,64.77651469,31.4345059,62.99303471,blackgram
6.781841984,42,79,23,68.56507978,27.71678273,63.29103387,blackgram
7.326980454,44,77,21,61.83876146,32.63918668,61.3009051,blackgram
7.453975408,38,62,25,63.37784443,32.7477393,67.77954584,blackgram
7.604110177000001,32,76,15,43.35795377,28.05153602,63.49802189,lentil
7.728832424,13,61,22,46.83130119,19.44084326,63.27771461,lentil
7.491217102,38,60,20,46.80452595,29.84823072,60.63872613,lentil
6.633864582,11,74,17,46.6352865,21.36383757,69.92375891,lentil
7.324863481,37,71,16,46.13833007,26.28663931,68.51966729,lentil
6.410441476,29,71,18,53.46622584,22.17499963,62.13873825,lentil
7.836719564,2,72,18,50.89110726,26.57597546,60.97876599,lentil
6.139215944,6,59,21,50.90994463,26.58972517,66.14007674,lentil
6.590571088,13,64,20,36.46946971,19.1345771,62.57526895,lentil
7.286049977999999,8,58,17,35.15426171,28.75273118,69.15640149,lentil
6.058306161,6,77,20,49.14337177,25.78746268,60.2816298,lentil
6.658605362,2,75,22,52.55730112,23.89271875,61.78779413,lentil
7.299360767,3,69,23,42.96018627,28.67408774,63.18832976,lentil
7.815210661,27,80,24,49.02366803,28.42062847,61.77336343,lentil
5.925391795,39,78,15,41.78219834,21.35499456,62.60136323,lentil
6.403683619,40,79,17,38.71834464,21.12695586,63.18738532,lentil
7.397546271,37,62,22,49.78102578,24.02037872,61.62313345,lentil
7.722335992,31,60,24,51.92057267,25.40474421,65.8567539,lentil
7.475926645,22,67,22,54.93937710000001,29.03017561,64.49166566,lentil
6.887130053,3,78,18,50.89732989,20.21368219,68.65257685,lentil
7.441976825,4,80,16,44.93261911,29.19585548,68.01965728,lentil
7.629910252999999,13,61,24,49.39111479,18.29783597,69.6897615,lentil
7.336117221,12,66,20,44.43177543,27.41434987,63.41785982,lentil
6.75020529,4,61,21,48.77790371,24.84063998,60.09116626,lentil
7.52178027,9,60,21,40.37113729,29.94413861,67.31323084,lentil
6.347379185,18,66,22,47.89645224,25.87990287,67.55109024,lentil
7.135251532000001,32,56,18,46.05333124,20.0467711,65.84395319,lentil
7.670178119,6,72,15,54.49044154,22.99451999,66.70897237,lentil
7.399749291,15,77,20,49.04015558,25.13163619,66.92642362,lentil
7.841496029,0,65,24,53.14531023,28.49584395,62.44616219,lentil
6.254216611,30,79,22,48.60449438,18.28766124,69.48515056,lentil
6.868881707999999,3,63,16,53.13946695,24.38041875,61.18458224,lentil
7.320514721,2,78,23,45.42616802,21.31852148,66.43934593,lentil
6.296976913,10,78,18,44.07819743,18.54141834,62.70637578,lentil
7.241151936,14,67,25,49.37369982,25.28710601,60.85993533,lentil
7.685959305,39,65,23,41.02682925,25.43459777,69.12613376,lentil
6.890760124,19,72,15,44.08562546,28.83600962,69.76112921,lentil
6.155915975,18,57,21,49.47371773,27.37659643,63.93927841,lentil
6.167855382000001,31,58,15,45.36521251,28.31886863,60.19461399,lentil
6.861640036,28,58,25,37.81123974,27.4818649,62.04814951,lentil
6.978361689,5,65,19,48.80253285,18.28072173,68.10365387,lentil
7.043160241,16,65,19,42.72374404,27.61204997,69.29786244,lentil
5.94239222,34,65,19,45.40277297,23.43974653,63.22011726,lentil
7.239455147,14,69,19,52.39881209,20.95628486,63.68128841,lentil
6.516317561,22,55,16,49.73922097,23.7937153,68.03209183,lentil
6.233269045,24,61,17,38.30411077,22.6371424,65.44544859,lentil
7.505283615,2,79,15,35.75107592,21.53577883,65.47227704,lentil
6.950300686,26,63,17,44.95654782,29.87854588,65.73085206,lentil
6.958054839,27,61,15,48.33941188,25.2653291,67.10004577,lentil
6.54803469,24,70,16,35.03484812,25.17885316,68.93307305,lentil
6.461618577,13,74,25,44.23629285,24.12192608,61.09533545,lentil
7.065264073,6,64,23,36.18678721,23.33565221,67.40460704,lentil
6.765091462000001,12,58,23,50.43306085,21.74600081,63.39503184,lentil
5.91645379,32,79,22,54.37814199,27.60195453,63.46170674,lentil
6.711341147000001,6,68,18,47.26052494,24.388717,62.50453062,lentil
6.379881442,10,79,20,38.21370568,24.98287462,66.895409,lentil
6.313284267999999,38,77,22,35.36831423,28.234829,69.3159965,lentil
7.393210848,17,74,17,37.11395801,26.03026959,69.55863145,lentil
7.504930973,26,68,24,37.15824966,28.04849594,64.07691942,lentil
7.198076286,23,75,17,48.28137482,24.87425505,64.00213929,lentil
7.007037515,32,78,22,53.40906048,23.97081395,62.35557553,lentil
6.677262562,19,79,19,42.89509057,20.06003985,67.76252583,lentil
6.74398035,22,60,18,41.7704893,19.59221047,61.28633405,lentil
6.547361617999999,28,69,16,35.69674138,29.77013109,66.29327012,lentil
6.551577598,1,67,21,48.06491307,27.52135365,60.53657684,lentil
6.585020302999999,12,67,23,45.49683991,25.62896213,63.14909763,lentil
6.924042372000001,36,67,20,53.31508572,20.39078312,60.47528931,lentil
7.437373666,28,70,21,39.18374505,25.39038396,60.4989659,lentil
7.142611056000002,12,71,19,42.19740397,24.91079638,60.71367427,lentil
7.74672376,22,68,16,37.46160727,27.70496805,63.20915034,lentil
6.300479414,26,66,22,51.54922825,18.06486101,65.1034354,lentil
6.078724107,16,65,16,50.6128521,18.13027797,62.45851612,lentil
6.76660668,14,59,22,46.90725077,23.82723528,67.89815262,lentil
7.641024177,33,59,19,49.55213308,23.19305333,62.74710773,lentil
6.559681838,21,63,17,41.45486619,25.08966129,68.17543102,lentil
7.072923306,0,69,21,36.68284038,25.86928193,61.88321072,lentil
7.732194787999999,10,75,17,39.00992137,18.43966037,68.05394959,lentil
6.157782589,30,61,18,52.50812701,27.14911056,67.02664337,lentil
7.240988401,0,74,17,47.01510708,23.33375853,64.50515776,lentil
6.898905799,35,74,22,42.87274897,26.7230014,62.96841833,lentil
6.818681086000002,7,63,24,53.04669416,19.55750776,64.45268309,lentil
6.261937875,9,56,17,46.48280681,26.13708256,66.7729209,lentil
6.493036868,14,74,15,49.94043064,27.99990346,65.57653373,lentil
7.042474679,14,76,20,36.5011366,29.05941162,62.10652364,lentil
7.692013657,36,65,16,50.17067771,25.71269843,64.1123333,lentil
6.250994222999999,28,67,21,46.62370222,21.79792649,63.73086065,lentil
6.0521848810000005,28,79,16,53.12442925,24.70626432,60.26854183,lentil
7.002216044,40,61,22,44.23913012,20.94981756,65.8108757,lentil
7.272427638,10,70,19,41.61080544,24.84918386,68.98088448,lentil
5.962001484,12,80,19,36.10211371,21.91041045,65.21662467,lentil
7.080506001,37,77,20,51.02372773,25.93381964,68.70533022,lentil
6.5937983870000005,0,67,22,51.56461082,29.82112112,69.4073209,lentil
7.28805662,7,73,25,45.20841071,27.52185591,63.13215259,lentil
7.32710972,10,56,18,46.10585191,27.99627907,68.6428593,lentil
6.366355781,39,70,15,47.9271552,20.76774783,63.90164154,lentil
7.011121216,26,56,22,52.60285259,23.05276444,60.424786,lentil
6.280725549,9,77,17,38.07659414,21.65845777,63.58337146,lentil
7.621494566,4,59,19,40.8106299,26.25070298,67.62779652,lentil
7.630424082999999,34,73,15,53.10207889,20.97195263,63.83179889,lentil
7.802212437,33,77,15,40.74536757,23.89736406,66.32102048,lentil
5.922935513,2,24,38,111.9684622,24.55981624,91.63536236,pomegranate
5.937649577999999,6,18,37,108.0458926,19.65690085,89.93701023,pomegranate
6.804781106,8,26,36,102.5184759,18.78359608,87.4024767,pomegranate
6.424670614,37,18,39,110.2316633,24.1469628,94.5110662,pomegranate
6.7380162210000005,0,27,38,109.3905998,22.44581266,89.90147027,pomegranate
6.4973666770000005,31,25,38,109.4169192,24.96273236,92.40501423,pomegranate
6.327673765,21,21,38,104.8955643,22.5526059,89.32594859999998,pomegranate
6.36137446,6,30,40,106.9659201,22.77035608,91.45498527,pomegranate
6.9235093710000015,25,27,41,108.0423555,19.20090378,94.27659596,pomegranate
6.630646082999999,15,11,38,109.3930157,23.12808226,92.68328358,pomegranate
5.832525853,14,5,36,104.7693804,24.92639065,85.19098079,pomegranate
6.738993954,16,10,41,105.7595811,24.77464458,85.63608688,pomegranate
5.782435567,36,7,37,108.3168858,19.8671184,86.35590206,pomegranate
6.537042717,4,20,41,104.5375109,24.26601316,93.7974061,pomegranate
6.145104401,29,22,40,107.6836871,23.62600218,89.73266695,pomegranate
6.890784045,16,15,42,108.5468633,19.67832052,89.08935702,pomegranate
7.175344328,18,27,41,104.8216333,22.36509395,92.30882391,pomegranate
5.938528744,11,18,42,102.8593382,21.57936934,94.88267728,pomegranate
5.709380472,5,15,38,108.0756727,18.26233221,88.16779129,pomegranate
6.184400085,18,23,44,105.64999070000002,23.71028128,89.61794165,pomegranate
6.553509673,9,8,40,111.6631582,22.48720144,89.9224883,pomegranate
5.885638185,40,27,45,112.4349689,21.66024980000001,94.79397419,pomegranate
6.1438746910000015,22,23,44,107.3416913,20.13037175,89.31505137,pomegranate
6.101198974,9,16,39,105.1834976,18.41164435,91.11927248,pomegranate
6.594037135,12,29,40,111.2818551,19.68291173,89.75272999,pomegranate
6.8598408210000015,0,17,42,109.0946323,23.20242586,91.19442671,pomegranate
6.56893406,2,21,44,102.8013275,18.92157197,87.31290342,pomegranate
6.769855664,28,6,40,106.8704803,22.10621387,91.34039616,pomegranate
7.130837931,8,23,44,108.4758509,18.47412402,89.68919664,pomegranate
5.7403380020000006,29,16,36,102.860084,19.81069447,88.92944254,pomegranate
5.843005428,17,18,43,103.1969341,24.4880844,90.83687246,pomegranate
6.648687273999999,34,21,42,111.0196744,18.75927679,89.93457597,pomegranate
6.902751061,21,23,42,104.3739878,19.54128063,90.29751796,pomegranate
6.608023872,25,17,40,111.28005159999998,18.91251245,87.74938524,pomegranate
6.828522375,8,25,36,104.0277061,19.91330523,94.95031368,pomegranate
6.910374919,26,18,42,108.22872759999998,19.72620525,89.64934166,pomegranate
6.306605528,4,19,42,111.2232716,23.83185873,87.84034604,pomegranate
7.009180374,36,24,41,103.8799347,24.94467632,94.25702672,pomegranate
6.297907578999999,5,24,40,104.6735454,24.692258,93.87030088,pomegranate
6.728599215,19,17,39,111.2787584,24.72485577,85.56083187,pomegranate
6.965156737999999,39,30,38,108.065579,20.12644921,87.59629625,pomegranate
5.578095745,5,29,44,104.7847006,21.02432943,93.0569505,pomegranate
7.199504273,4,24,43,109.8695196,22.40423537,88.1508343,pomegranate
5.841367187,38,21,35,110.9653137,20.33691147,89.38003827,pomegranate
6.710143266,37,11,36,106.9216033,24.24779615,85.56033312,pomegranate
5.972714857000001,9,25,41,109.2853418,24.81530144,91.90842992,pomegranate
5.561851831,29,22,43,106.0380805,19.66329768,87.95158129,pomegranate
6.107054807999999,5,21,38,112.459697,22.43377991,90.3396556,pomegranate
6.988035315,22,26,38,110.2437841,22.92052307,85.12912161,pomegranate
7.13147457,4,18,37,106.2817706,22.91843172,85.40695044,pomegranate
7.086947687,21,6,41,107.1951707,24.88244467,89.39686219,pomegranate
6.749260456,29,21,45,105.2240743,23.40981539,93.13277,pomegranate
7.16300467,23,5,44,107.5660804,21.20725375,94.26304717,pomegranate
7.013481515,13,7,43,109.66239740000002,18.20230419,91.12282162,pomegranate
5.648243648999999,5,13,37,103.3183074,22.34375696,89.7870345,pomegranate
6.610251186,27,24,41,110.4606459,24.32770134,90.88292835,pomegranate
7.054313822999999,7,23,35,102.5538035,19.75088482,88.71691157,pomegranate
6.026999326,12,20,39,111.0217929,19.86173586,86.19740917,pomegranate
5.7794274020000005,4,19,43,106.3602023,18.07132963,93.14554876,pomegranate
6.535244251,3,9,45,104.617522,23.89162561,89.61850203,pomegranate
5.684995235,1,27,36,104.991282,23.98598756,93.34236582,pomegranate
6.12476108,23,30,44,103.0295938,20.93892916,85.42912869,pomegranate
6.999014379,24,21,42,109.4429934,20.82210727,87.22815682,pomegranate
6.277148771,13,30,37,106.8685636,20.86474944,91.61793636,pomegranate
6.322396027000001,40,11,44,111.3779693,24.45840036,86.10874614,pomegranate
5.956401828,21,9,40,105.6209954,24.51147697,90.64498715,pomegranate
6.591302797000001,3,27,44,110.9633894,24.56811204,92.03009222,pomegranate
7.104094929,40,29,42,110.6956184,24.63228709,89.01574455,pomegranate
6.407872061,14,25,40,103.7084055,20.07386547,90.97819712,pomegranate
6.658402594,38,14,37,102.6488846,21.80523051,94.63612858,pomegranate
6.276038961,34,9,36,110.4432293,22.8122645,86.34233767,pomegranate
6.825256236,32,14,37,104.6843243,22.73031253,88.48567856,pomegranate
6.368560522,18,21,35,111.1382096,23.2801227,94.94330457,pomegranate
7.005410734,8,23,38,105.4766591,19.30106297,87.1775172,pomegranate
6.8973684770000006,15,6,41,108.6793978,19.0087067,88.83768149,pomegranate
6.152906502,0,5,36,105.529185,24.35193812,90.88612388,pomegranate
5.744361602000001,22,9,44,112.1926517,24.72235539,88.87651295,pomegranate
7.051654924,14,8,43,111.71620159999998,21.92513945,94.46485312,pomegranate
6.034612928,31,11,45,107.6435771,24.83954414,86.88738076,pomegranate
6.9244907310000015,39,17,45,104.88188999999998,18.09691127,90.42177379,pomegranate
6.887005997,10,5,42,109.2537734,20.24104904,91.08706822,pomegranate
6.8444019,8,28,38,105.6917856,23.22594,94.42971362,pomegranate
5.786058032000001,32,13,42,106.61905,23.50128217,92.97527546,pomegranate
5.627186257000001,18,9,40,106.1606833,19.44623085,89.02127045,pomegranate
5.700088663,20,27,41,110.5764023,20.51343484,92.51675903,pomegranate
5.567805185,39,25,36,107.6103211,18.90223032,94.99897537,pomegranate
6.077886012,20,7,45,112.4750941,18.90592319,89.24126808,pomegranate
6.397995609,11,10,45,109.0357597,22.63045168,88.45577158,pomegranate
5.767372539,40,18,43,109.91309840000002,19.38603815,86.79058496,pomegranate
7.079973241,3,26,39,103.6012114,24.38318965,91.19431555,pomegranate
5.893332377999999,9,16,36,106.977723,23.77989026,92.93386903,pomegranate
7.058222596,30,20,38,110.0932899,22.59890174,93.16343942,pomegranate
5.78270695,40,9,41,106.128338,24.37766782,85.4017118,pomegranate
6.269663962999999,40,30,35,104.4407083,20.89273273,91.07776977,pomegranate
5.892913826,32,25,35,107.0050976,18.09903225,85.70786282,pomegranate
7.116538883,33,23,45,112.337046,20.00218987,85.83618191,pomegranate
6.430163481,4,14,41,102.8186358,19.85139326,89.80732335,pomegranate
7.159520979,13,17,45,106.2784673,21.25433607,92.65058936,pomegranate
6.431265737,39,24,39,109.8076178,23.65374106,93.32657504,pomegranate
6.082571701,8,28,37,108.3121789,23.88404783,86.20613842,pomegranate
6.149934034,91,94,46,92.82840911,29.36792366,76.24900101,banana
5.849076099,105,95,50,101.0494791,27.33368994,83.67675197,banana
6.276800323,108,92,53,104.9378,27.40053601,82.96221306,banana
5.926824754,86,76,54,90.10978128,29.3159075,80.11585705,banana
5.519088423,80,77,49,113.2297373,26.05433004,79.39654531,banana
6.079178787999999,93,94,53,114.5357503,25.86632408,84.42379269,banana
6.13465588,90,92,55,97.32531705,27.00932084,80.18546798,banana
5.808497603999999,108,89,53,99.34482238,29.55054817,78.06762846,banana
5.891458107,108,88,55,113.8729798,26.28845991,83.390039,banana
5.816622478999999,105,77,52,100.0075679,29.16226551,76.16151562,banana
5.8431631610000005,118,88,52,98.75084366,28.65003945,82.68752542,banana
6.376756632999999,101,87,54,100.1692639,29.07311132,76.50045221,banana
5.623615687000001,95,75,50,118.2761894,28.08166093,75.26429821,banana
5.91505509,106,85,53,99.72430835,27.1994597,78.80860679999998,banana
6.458714879,86,95,49,108.3957179,28.05484146,78.04602887,banana
5.565028635,83,79,55,98.66679427,25.14748006,83.34688193,banana
6.211833161,85,95,47,119.84797,25.94019018,78.3422098,banana
6.490074429,109,79,45,108.66464,27.66752761,79.68542782,banana
5.590236025,100,76,45,102.7867717,25.56703012,75.94067692,banana
6.225225238999999,117,86,48,116.1616839,28.6956201,82.54195839,banana
6.190757458999999,114,94,53,118.6858263,26.33544853,76.8532006,banana
5.915568968,110,78,50,98.21747528,25.93730186,78.89864446,banana
6.195152442,94,70,48,91.46442491,25.13686519,84.88394407,banana
6.156373499,80,71,47,105.0776992,27.50527651,80.79783998,banana
6.313197204,114,79,51,112.0700033,26.21009246,82.34429458,banana
6.324270089,88,78,45,92.07835761,29.10403455,79.19588629,banana
5.7074889870000005,112,73,48,90.66727868,29.244063800000006,77.32017166,banana
6.119216009,117,76,47,93.10247183,25.56202173,77.38229006,banana
5.571401169,111,87,48,98.16752001,26.3985515,81.36028902,banana
5.63127166,89,83,47,109.5408614,28.09577643,77.79586769,banana
6.101241579,93,91,47,117.2878912,27.84767901,83.31110751,banana
6.438137278999998,92,81,52,94.31102057,27.39341554,81.4654833,banana
6.098369122,105,74,45,119.218154,25.14517635,81.38204104,banana
5.695267822000001,102,71,48,102.4633775,28.65456263,79.28693687,banana
5.6180944460000015,94,91,51,109.575944,29.16093424,76.67484233,banana
6.435785799,116,71,47,91.34276507,27.57278064,82.0638878,banana
6.176644228,117,79,49,112.9794804,25.40909896,82.36208097,banana
6.220643671,119,72,55,112.0777152,25.99069521,83.33983116,banana
5.8717022110000014,99,73,53,118.6730366,26.29039046,81.06003778,banana
6.390741836,91,84,52,117.536781,29.14827211,78.71024836,banana
6.21084479,80,90,47,107.3944717,26.59743595,79.35898915,banana
6.012696655,101,70,48,116.5531455,25.36059237,75.03193255,banana
5.908770059,108,89,53,112.3982055,29.12036889,80.18080728,banana
6.049801781,100,80,52,110.3262123,27.53911354,77.25629897,banana
6.010095852999999,109,91,53,110.2511102,29.66727337,83.51014178,banana
5.738678895,82,78,46,110.4408803,25.05802193,84.97323747,banana
5.74055541,106,70,55,116.3019555,25.86824781,78.52399914,banana
5.793260262,90,86,52,119.08561709999998,25.85036988,81.95580471,banana
5.50947065,83,95,50,108.8547508,26.51682337,77.79913575,banana
5.986442306,119,90,48,118.2583441,28.66725136,79.59242542,banana
5.790768046,107,72,45,91.40508414,28.14938935,81.54448882,banana
5.915546415,116,81,55,95.12322062,26.42313317,83.69950440000002,banana
6.242528277999999,101,75,50,109.9825551,26.59386409,81.40740301,banana
6.0360792660000016,93,81,50,102.2099836,27.71822477,76.57853189,banana
5.829898502000001,95,75,45,109.022564,28.98333432,82.95958244,banana
6.088064451,107,71,55,117.229079,29.42017919,83.96754496,banana
6.469370954,83,94,47,112.1355384,27.39872329,81.10523402,banana
5.720726906,102,73,54,111.0162259,26.4020227,84.41007614,banana
5.80766417,86,79,45,99.20961514,27.81251452,82.69285419,banana
5.703381727999999,117,86,53,115.8586081,25.19640218,83.55829874,banana
6.165001277999999,111,79,53,119.695765,28.31193338,75.77363772,banana
6.002481605,95,74,50,110.10323,25.90113128,80.47152737,banana
6.212369363,91,75,55,109.2768851,27.48612983,76.11239849,banana
5.765308943,93,83,46,109.2486647,29.38254012,83.50423735,banana
5.740764682000001,92,85,51,108.8616474,29.22118628,81.08183635,banana
5.879119455,104,80,54,110.1331182,27.09062164,81.33506906,banana
6.099478745,103,72,51,104.4812858,26.12643374,81.81365007,banana
5.674403358999999,92,75,45,90.43495443,29.01207743,77.95192527,banana
5.694243847,93,85,49,119.4765557,27.96799119,79.28625709,banana
5.905494703,120,87,52,118.99235729999998,28.0764455,76.05522115,banana
6.110844721,108,72,46,90.94554618,25.16278237,84.97849241,banana
6.020445317,105,88,54,114.2005455,25.78749808,84.51194224,banana
6.435917308,98,79,50,91.06493353,25.34119774,84.47321314,banana
5.505393832999999,111,88,55,96.45042585,29.44795403,78.34971537,banana
5.677719902000001,97,74,45,113.1161095,26.47522633,78.51833782,banana
5.719014989,95,82,48,92.78133617,27.39489579,83.31172003,banana
6.275572297999999,89,91,55,94.32961456,25.08347445,80.26173100000003,banana
6.275384607,89,85,55,91.73358569,26.671983500000003,76.48541655,banana
6.201911642000001,118,88,51,100.6619171,25.44926208,79.49221962,banana
5.758054257,101,92,45,98.00403016,28.22776705,80.64303840000002,banana
6.3239336470000005,99,92,47,103.5045395,28.127950899999995,77.48247073,banana
5.901100841,82,77,46,95.83016448,28.9470467,82.1888998,banana
5.644486582000001,90,86,55,97.55986676,27.96236771,84.15403614,banana
6.235461772000001,95,88,52,94.68180316,28.00316034,78.90085998,banana
6.28236237,104,73,46,90.45142867,29.1400919,80.1190228,banana
6.356090905,102,73,52,90.24211529,27.9122104,83.36307683,banana
5.837258235,100,74,52,96.47800391,25.43480512,81.53977797,banana
5.653437902,94,89,48,111.0843029,28.55980972,84.51602322,banana
5.727469947,99,70,46,100.5123341,26.59580783,82.99556744,banana
6.200111067999999,112,87,48,99.46950465,27.19711623,77.39706290000002,banana
5.614471478,117,82,45,105.4220251,25.29391516,79.29122198,banana
6.257369799,96,86,51,91.99964712,29.90888522,76.98740841,banana
6.037430836,113,85,45,109.0921631,27.94972463,76.63713353,banana
5.760457558,105,93,46,108.3690513,25.01018457,78.76260938,banana
6.1581644220000005,85,89,51,108.5501443,29.21144871,84.70189923,banana
6.387431382999999,108,94,47,90.81250457,27.35911627,84.54625006,banana
5.891413895,92,81,52,103.7040783,28.0106804,76.52808057,banana
5.725418961,110,71,54,94.37987496,28.67208915,82.20793613,banana
6.281069505,82,75,55,92.15524332,27.34585147,78.48738349999998,banana
5.507641777999999,117,81,53,98.12565829,29.50704598,78.20585613,banana
5.954626604,2,40,27,90.09586854,29.73770045,47.54885174,mango
4.757114897,39,24,31,98.67527561,33.55695561,53.72979826,mango
5.6995869720000005,21,26,27,95.85118326,27.00315545,47.67525434,mango
5.977413802999999,25,22,25,95.70525913,33.56150184,45.53556603,mango
6.430139436,0,21,32,92.19721736,35.89855625,54.25964196,mango
6.113935087000001,20,19,35,98.00687989,34.17719782,50.62161586,mango
5.074272692,19,21,34,97.72843182,30.01592643,53.19212381,mango
5.667507706,18,17,31,93.75441586,31.74592134,45.16127859,mango
5.978634285,11,36,33,95.3713484,35.99009679,52.22780489,mango
5.064613314,30,28,30,98.46768642,31.86641378,52.19331595,mango
4.772385986000001,18,19,27,94.11213345,27.75518664,52.34605806,mango
5.161148592,23,23,27,97.31258083,34.72413192,51.4271781,mango
6.797779227,37,30,34,99.35408185,27.53907547,53.63549533,mango
6.39474303,11,27,30,89.85646496,27.69637763,48.56224879999999,mango
5.566704378,12,19,31,91.87312479,27.25373364,52.66319725,mango
5.755049971,3,28,33,94.42850522,30.33723921,48.88704844,mango
5.417340525,37,38,32,91.55845821,31.85744939,45.53106268,mango
6.166173833999999,26,37,30,97.41054011,35.39986338,49.45962621,mango
5.191265116,14,18,30,95.74606104,29.80747243,52.13797867,mango
4.954739564,40,16,35,98.33351125,34.16438906,54.16482251,mango
5.664587011,4,20,25,99.9834242,28.93270187,47.94053996,mango
5.548584852,36,25,33,99.61465679,27.98392787,53.33018851,mango
6.804437106,30,17,31,94.62954663,31.20478173,54.49960506,mango
6.097869767000001,28,37,28,98.63333684,32.13409675,50.52559148,mango
5.075504537,38,15,30,97.01331604,28.91862016,48.13974548,mango
4.546466109,12,37,30,90.28624348,31.09779147,47.41196659,mango
5.855119267999999,38,19,31,90.65022183,34.73823882,49.08864345,mango
6.442393461,8,33,29,91.82271568,29.98080499,49.48613279,mango
4.507523551,15,27,28,90.82549241,33.80398664,46.12866113,mango
6.10729559,34,16,25,92.09609766,30.07202564,50.96040505,mango
6.47544932,11,36,31,100.2585673,27.92063282,51.77965917,mango
6.832979508999999,33,29,34,92.99739415,31.40948821,49.21729127,mango
5.395275719,12,31,26,100.2160615,35.7877738,51.94190321,mango
6.13526938,12,34,28,98.81596545,33.36140093,45.02236377,mango
4.555688532,5,16,31,98.00644238,35.96054636,48.69677802,mango
6.4341977560000005,1,30,29,91.67241761,28.33333307,51.39586505,mango
5.316875978000001,16,35,31,95.99487068,32.27652024,50.19368841,mango
5.279388967,35,18,26,97.38741498,31.99490489,50.84881347,mango
6.720041791,4,40,26,95.8445641,27.58258929,48.56916221,mango
5.72742254,9,29,34,100.8124659,29.38471637,45.88744691,mango
4.691396195,2,38,33,90.21633216,32.38697531,53.2328243,mango
6.810186079,26,32,32,90.14047759,30.91471455,49.92963856,mango
6.454045329,34,38,31,97.41586402,35.37775595,45.58110023,mango
5.842763773,5,32,33,93.36718816,32.32362177,52.58967710000001,mango
5.024124683999999,31,29,26,97.76832322,28.22373428,47.40519056,mango
6.422710539,34,34,35,95.257992,27.27433181,47.16808054,mango
4.94295037,36,19,32,92.37238878,27.10710832,50.70880979,mango
6.414526606,7,17,26,91.63074547,34.89226666,48.75613373,mango
6.777788126,38,15,27,92.26439205,33.7462686,48.50387598,mango
6.441328044,5,19,25,96.27792547,27.351105600000004,54.43945147,mango
4.650536197,37,36,26,94.49161372,32.89300162,52.61323969,mango
5.254532213,21,31,32,90.29643888,35.38598705,51.42664176,mango
5.910634533,37,36,27,90.40332704,27.552973600000005,47.90859131,mango
4.755273631000001,23,23,30,90.89173106,32.82141065,47.45553843,mango
6.814630246,36,26,26,95.23444287,30.17294105,51.0845903,mango
5.342866119,24,33,35,100.7586226,29.26382931,54.82257868,mango
6.336234623999999,26,18,30,96.59816497,32.06097197,51.08494181,mango
4.754435025,22,17,26,99.642454,28.69818144,47.71875722,mango
6.831706773,11,34,32,97.55155537,29.14305008,49.40983294,mango
6.9674177660000005,29,35,28,90.40260445,28.347161100000005,53.53903102,mango
4.947683034,22,28,26,92.84991507,27.67256197,45.41692012,mango
5.630619901,23,24,32,93.30247448,28.1218093,46.16888595,mango
6.27339822,1,35,34,92.21318555,30.79375683,46.69536813,mango
6.472774648,2,24,34,94.76322976,28.89409382,54.80750249,mango
6.953246506,39,37,25,98.28583013,33.33024826,45.61143594,mango
5.6437102160000014,15,36,27,91.01152997,27.78912455,53.96886679,mango
6.392313972999999,3,18,31,91.09745581,31.65333432,48.20662669,mango
4.981816523,8,38,32,91.405983,29.75150773,46.73723302,mango
5.421265282999999,33,31,34,89.78216168,31.32995611,50.22287593,mango
6.942520105,14,29,32,97.51952041,35.63627319,48.97047762,mango
5.435840509,18,20,26,89.98024312,31.66524687,51.98594645,mango
5.870116071,9,21,32,95.94035356,32.26935342,53.56092806,mango
4.74910393,20,30,27,95.89898581,27.81005614,51.59445462,mango
5.497946899,9,38,25,100.3060719,34.58561471,50.34035336,mango
6.811291098,26,24,34,89.74409017,31.27180992,52.23810152,mango
6.460542749,31,36,29,97.4611918,33.93679864,52.72170281,mango
4.791146778,14,18,35,91.46664318,31.09154239,47.02058367,mango
6.4841522000000005,40,16,35,89.59371481,31.89356292,49.02450149,mango
6.526654345,28,27,34,95.04871605,32.45465292,50.69693751,mango
6.279133738,0,17,30,97.79072474,35.47478322,47.97230503,mango
6.052026047000001,1,29,29,93.53197359,27.32961444,49.30347234,mango
5.73171945,2,36,31,91.77522598,30.90225239,49.95955487,mango
5.32307197,12,27,26,96.23520043,29.09382275,45.5661059,mango
4.66910839,7,28,35,96.63721027,30.02086169,46.78393776,mango
5.101206389,0,36,26,96.38808001,34.13072188,51.25786185,mango
5.339556562,26,35,31,98.05089394,33.44619894,53.05980465,mango
5.061081874,27,21,30,91.22881052,35.3915464,52.48823147,mango
5.8211060360000015,22,38,31,98.57025046,31.53356352,53.06009323,mango
5.956027059,22,18,31,90.38503469,30.764551500000003,47.93791463,mango
5.676032581,28,23,28,96.08745082,30.01821337,50.09831810000001,mango
6.524114355,7,31,27,94.67344737,31.32863689,47.59319575,mango
6.2739536760000005,29,34,26,89.29147581,33.88004781,54.39416048,mango
6.128167757000001,8,37,33,97.45373619,28.07802689,54.9640534,mango
4.934964765,39,16,27,91.54560427,35.53845018,52.94641947,mango
5.445008416,40,24,25,95.8946444,28.70595247,50.44030129,mango
4.525722333,19,38,26,93.17221967,31.48451729,48.77926304,mango
5.403908327999999,21,21,30,100.7720705,27.69819273,51.41593238,mango
6.621623545,22,18,33,93.92375879,30.41235793,52.48100602,mango
6.207495815,31,20,30,91.88766069,32.17752026,54.01352682,mango
5.418475257000001,18,26,31,91.10190759,32.611261400000004,47.74916499,mango
6.112305667,24,130,195,67.12534492,29.99677232,81.54156612,grapes
6.092241627000001,13,144,204,68.38135469,30.7280404,82.42614055,grapes
5.896343436,22,123,205,68.73932528,32.44577836,83.88504863,grapes
6.15526103,36,125,196,66.83872293,37.46566825,80.65968681,grapes
5.732453638,24,131,196,65.34440794,22.03296178,83.74372787,grapes
6.253034534,2,123,198,70.39906054,39.64851881,82.21079946,grapes
6.106190557000001,35,140,197,66.76285469,16.77557314,82.75241875,grapes
5.647202395,11,122,195,69.63122027,12.14190714,83.56812483,grapes
6.130310493,6,123,203,66.77844567,12.7567962,81.62497448,grapes
6.499604931,17,134,204,73.88467027,39.04071989,80.18393287,grapes
5.554831977,25,130,197,74.91506217,39.70772192,82.68593454,grapes
5.800242694,27,145,205,66.02765219,9.467960445,82.29335466,grapes
5.570290539,9,122,201,68.06417307,29.58748357,80.91934392,grapes
6.27564088,16,139,203,65.84748763,17.82803682,80.96093443,grapes
5.536645599,32,141,204,67.235765,8.825674745,82.89753705,grapes
6.208196881,22,138,195,73.02882766,27.83487131,83.51444973,grapes
5.870600622,31,144,202,68.23963161,11.02105378,80.55557235,grapes
6.334771461,3,136,205,71.40654520000002,17.5862944,80.84806564,grapes
5.856575335,28,122,197,69.66256816,19.89363946,82.73366439,grapes
5.898944282,4,136,204,65.52279323,29.93707596,81.77713468,grapes
5.775600435,39,145,201,72.24230804,36.73126647,80.58931938,grapes
5.931101816,38,132,197,66.93065667,20.42094753,81.54185044,grapes
6.2286454,36,133,198,69.17281221,25.51939719,83.98351748,grapes
5.594240602999999,25,121,201,70.08200379,30.50734778,82.71775569,grapes
5.569230319,15,125,199,69.75734306,18.426993600000007,80.55625868,grapes
5.93202852,24,140,205,68.66813363,12.087022,83.59398734,grapes
6.423216506,13,132,203,73.23901752,23.60115364,82.48336987,grapes
6.417500829,5,126,197,67.10439401,12.80000387,81.20876367,grapes
6.234904253,30,120,200,65.70148216,38.06099482,82.24729637,grapes
6.000573725,23,142,197,69.30772897,39.06555518,82.03812973,grapes
5.6851027689999984,26,135,203,74.53557341,33.78372897,81.16314317,grapes
5.662140095,7,126,203,73.28712806,16.76201707,82.00335557,grapes
6.358186848,32,139,198,66.53946559,35.89307536,82.66850729,grapes
6.119495295,9,141,202,66.38448261,21.01245395,81.17931863,grapes
6.207600782999999,20,142,196,68.69420397,10.89875873,80.01639435,grapes
6.48754639,32,129,201,71.55665483,16.36251869,83.00471609,grapes
5.81717753,3,134,199,71.06611222,20.28370163,81.32235739,grapes
6.325480034,38,138,204,73.01026829,25.11108456,83.25447587,grapes
5.562790949,14,131,198,67.92204319,33.4641162,83.86742974,grapes
6.487369687,20,122,204,65.06962486,11.7976469,80.86325389,grapes
6.116982944,40,126,201,71.18289431,11.36300891,80.03100049,grapes
5.695792761,36,128,204,67.03840888,25.23542319,80.68700527,grapes
5.7343170070000005,11,132,197,74.40198861,15.99050693,81.23966573,grapes
6.329499832000001,0,137,195,65.3973168,22.4359017,80.18612085,grapes
6.167013532,19,123,200,65.70430027,34.76086052,81.03544763,grapes
5.653776057999999,31,136,197,71.43001582,31.11047251,83.34010951,grapes
5.840256272,4,134,200,73.34232097,28.57828803,80.95628959,grapes
5.5399808120000005,39,139,201,68.68895899,41.18664903,81.01783402,grapes
5.833302165,8,127,196,70.95666003,27.02766138,83.17093908,grapes
6.399433771,39,138,203,74.62834921,21.19339319,82.33098331,grapes
6.138958698,32,120,204,67.39173790000001,10.38004759,83.44518113,grapes
5.972850837999999,12,142,203,65.01095312,31.3115978,82.56407013,grapes
6.456079585,8,133,195,71.29813872,20.46657776,80.97598029,grapes
6.3364266670000005,8,139,199,66.13442813,29.36947679,81.53996362,grapes
6.425419926,21,134,202,65.29821120000001,10.72302459,80.02130636,grapes
6.2943956760000015,40,140,195,71.63437433,14.97846952,80.49979873,grapes
6.477768039,39,127,202,71.60102999,15.3246651,81.67215994,grapes
5.931538447,19,120,195,73.55807954,18.73932187,81.12109244,grapes
5.980598579,21,139,201,67.15094741,19.3642553,83.36094029,grapes
6.389783283,17,136,195,65.90227462,41.20733624,81.61051026,grapes
5.693287415,33,139,203,70.68098614,33.34214482,82.51034633,grapes
6.00299607,22,133,201,67.27398640000001,23.81995682,80.12211649,grapes
6.372959542,32,130,196,74.03030056,40.66012294,81.24995984,grapes
5.510924848999999,37,135,205,74.10225057,11.82768186,80.2827185,grapes
5.69945282,15,140,195,65.80006004,13.28504331,83.54193816,grapes
5.778594403,39,132,196,73.67984885,35.83089092,83.32560104,grapes
6.315586313,40,121,199,66.05911698,26.18159716,81.03886263,grapes
5.9718130060000005,40,132,202,69.706113,24.57558351,80.70695797,grapes
5.891195653,29,142,203,66.48490371,29.67229086,83.71498986,grapes
6.129812716,32,121,199,74.08101744,39.37102553,81.25353895,grapes
6.313085601,6,140,205,69.8671263,17.66558428,82.92903419,grapes
6.053662544,8,120,196,69.81855775,24.06679352,82.66396666,grapes
5.804799142,34,133,202,74.82144653,15.31413469,80.09711412,grapes
6.400719746,35,135,199,69.39630398,21.77466746,80.54942557,grapes
5.953966361,16,145,199,69.30927185,26.91624843,80.76838926,grapes
5.6092559920000005,8,136,201,74.19664838,41.65602996,82.22118237,grapes
5.777271492000001,25,129,195,72.37127689,17.98667801,81.17712085,grapes
5.682395429,16,130,201,68.8503047,29.12033769,82.79092939,grapes
5.863996687,39,129,203,71.03001556,34.38922481,83.18392806,grapes
6.444373116,38,135,203,69.92107482,41.36106301,82.79782954,grapes
5.550832177999999,33,120,205,69.71518491,35.12158265,82.26890793,grapes
6.107741787999999,35,125,204,73.69529586,19.6491772,80.15215777,grapes
5.620745638,1,132,200,66.57462809,16.27852801,82.94270065,grapes
6.349875906,39,140,203,69.27779761,21.11903604,80.63399198,grapes
6.484323189,28,145,202,66.83113717,19.2077707,82.90428409999998,grapes
5.838748311,6,128,200,70.31782647,25.96308415,82.57813624,grapes
6.29099842,6,139,199,74.10919422,25.67385024,81.6212135,grapes
5.638328481,29,122,196,73.06862952,41.94865736,81.15595212,grapes
6.415555956,37,144,197,66.34234944,11.18994268,80.8084305,grapes
6.323722572,38,120,197,73.77063744,17.5438296,82.94703302,grapes
5.757009965,38,141,198,70.75633584,13.05809741,80.28297993,grapes
6.1586894060000015,14,121,203,74.46411148,9.724457611,83.74765639,grapes
5.7335398070000005,6,125,204,69.92092839,27.92004934,82.93262435,grapes
5.908724337000001,32,138,197,69.44115171,9.535585543,80.73112694,grapes
6.361141107000001,11,124,204,71.40043037,13.42988625,80.06633966,grapes
5.96537863,23,138,200,68.42802444,9.851242629,80.22631717,grapes
6.476757723,40,143,201,66.70016285,24.97256132,82.72828653,grapes
6.224542938,6,142,202,70.42508897,27.23708304,82.94573346,grapes
6.209928251,37,124,195,66.5964488,18.70679077,83.4795292,grapes
5.841138354,35,134,204,66.00817551,9.949929082,82.55138983,grapes
6.283818329,119,25,51,53.65742581,26.47330219,80.92254421,watermelon
6.818261382999999,119,19,55,46.87420883,25.18780042,83.44621709,watermelon
6.37620108,105,30,50,57.04147057,25.29954705,81.77527562,watermelon
6.581587932000001,114,8,50,57.95826144,24.74631269,88.30866319,watermelon
6.932739726,93,22,52,41.87540028,26.58740671,81.32563243,watermelon
6.140099215,80,26,55,49.11618732,24.53442564,88.989272,watermelon
6.467095849,85,27,45,57.79652846,26.0713757,88.7285657,watermelon
6.849471704,85,22,53,59.46338556,25.96534238,89.77076659,watermelon
6.512196212,82,22,45,54.60159289,26.22338015,85.34866045,watermelon
6.039584629,118,13,54,44.07843475,24.41311871,89.81574032,watermelon
6.057697106,83,25,53,57.72799157,26.49195283,80.04678201,watermelon
6.423898762,86,15,47,53.78929956,24.04355803,84.18406764,watermelon
6.936997681,101,10,47,57.57343233,25.5421695,83.31883376,watermelon
6.251286661,119,9,50,40.794305,26.74550678,83.9195902,watermelon
6.190015912000001,104,17,46,43.08961827,25.7131428,80.22972777,watermelon
6.681606702000001,95,12,51,44.22066914,25.76484262,84.17269959999999,watermelon
6.51075991,102,14,52,57.74091817,26.79489868,89.64815231,watermelon
6.770278088,109,21,55,57.44942094,24.9004602,89.73524177,watermelon
6.429788072999999,81,18,50,58.79889057,26.80750629,88.22874955,watermelon
6.209888345,103,17,51,44.20656987,25.11189154,80.02621335,watermelon
6.419052193,105,14,50,59.65590798,26.2148837,87.68839820000002,watermelon
6.237861736,97,8,52,49.48575692,24.9103226,86.97190046,watermelon
6.762471628999998,120,19,49,56.45229202,25.79448878,84.26830701,watermelon
6.612847999,95,16,55,40.12650421,25.26931156,87.55055105,watermelon
6.704688865,83,29,52,46.05122728,25.76402693,87.5931128,watermelon
6.049609892,83,9,45,46.85176955,25.85483596,89.13163965,watermelon
6.762030215,91,21,50,48.32113628,24.33528185,81.44030363,watermelon
6.65398725,116,5,54,57.23028471,25.37601283,80.99313508,watermelon
6.738030547,112,28,54,55.29563514,24.86094646,85.05318563,watermelon
6.095689937,88,29,51,48.45978627,24.71885473,88.94568335,watermelon
6.538006356,118,15,45,48.01138482,24.21495706,84.20576992,watermelon
6.377427122,92,21,48,54.82963379,25.81692236,82.043255,watermelon
6.417011754,106,14,45,57.26773002,24.47018505,84.16390229,watermelon
6.649086972,99,5,47,51.19470197,24.13078816,84.84494575,watermelon
6.25933595,98,8,51,49.43050977,26.1793464,86.52258079,watermelon
6.121168559,108,22,46,53.33484977,26.17668721,86.72952049999998,watermelon
6.031424482,119,7,55,44.3993381,26.03867719,84.6378378,watermelon
6.835268183999999,117,27,48,54.30660782,26.53259325,82.39053979,watermelon
6.5517503060000015,109,10,53,46.06193778,26.81938687,87.8274604,watermelon
6.940236218,80,16,46,48.47833278,25.50405534,81.40297428,watermelon
6.87606733,100,18,52,56.47941847,26.20234499,80.38266489,watermelon
6.457216535,91,7,53,43.52897517,25.13735887,89.28272716,watermelon
6.921847887999999,86,6,53,42.10681516,25.92030221,83.47202566,watermelon
6.8814257460000015,107,5,52,57.40847165,26.6634609,89.98405233,watermelon
6.915717008,103,16,49,51.75212401,24.06731461,81.64075303,watermelon
6.206247493999999,101,20,48,57.05709413,24.6774157,82.75411437,watermelon
6.29542477,85,25,47,58.48160844,26.11440416,87.64081095,watermelon
6.399669044,84,7,51,55.74073582,26.81530456,87.65694462,watermelon
6.862157042000001,102,28,54,55.49541453,25.15623099,80.27525115,watermelon
6.224066378,98,25,52,49.29456609,25.2801372,83.15393658,watermelon
6.093814669,97,25,50,49.08553937,26.22005978,80.90127035,watermelon
6.291540277999999,90,16,45,50.55710813,24.92093261,80.61750795,watermelon
6.32281728,95,12,46,54.65423596,26.21667586,81.01009354,watermelon
6.873283991,82,23,49,51.70497792,26.81383586,87.21986949,watermelon
6.074209622000001,82,25,51,48.11248366,24.31334971,87.47409052,watermelon
6.49889585,110,28,46,51.26046418,24.29105004,88.04541346,watermelon
6.678805092,118,21,51,48.58241822,24.42998931,86.33904774,watermelon
6.114128685,120,20,45,54.22722466,25.66576039,88.6984228,watermelon
6.405054243,91,7,52,56.39962921,25.07803672,83.46230461,watermelon
6.110142735,81,6,55,51.70699144,24.88910524,85.87059083,watermelon
6.828982708,101,13,54,56.34144589,25.42900869,82.91481799,watermelon
6.451499763999999,101,17,55,44.63907691,24.37118217,87.1269128,watermelon
6.313512998999999,111,6,53,46.06382209,26.493064500000006,88.59143088,watermelon
6.755192025,107,10,49,45.24690619,25.83202912,89.00481725,watermelon
6.623167177000001,115,11,46,40.32161859,24.41592661,89.39655519,watermelon
6.12532356,84,25,52,44.20899581,24.37190239,81.2514818,watermelon
6.653867608,120,7,47,54.76576239999999,24.24782473,83.03687902,watermelon
6.343942518,91,12,46,48.31219031,24.64458469,85.49938185,watermelon
6.217300786,89,22,52,53.14626213,24.89681131,86.10782926,watermelon
6.286387658,113,19,46,49.52320689,25.41864024,81.12122989,watermelon
6.769893799999998,97,22,50,58.97878791,26.26028739,86.14585891,watermelon
6.744966312000001,117,30,50,46.59207341,24.90123934,87.20772913,watermelon
6.391858432,90,14,52,59.67927244,24.84740848,89.20454622,watermelon
6.770434148,104,23,47,42.91292205,26.98212846,86.70068316,watermelon
6.727468157000001,81,16,45,59.75980023,26.90435747,86.25426228,watermelon
6.662244646,88,5,47,41.16554802,25.86475496,86.67468041,watermelon
6.944640222,92,7,45,51.51033554,26.70607759,81.14149505,watermelon
6.507110986,81,18,50,47.81847573,26.44019475,80.91934337,watermelon
6.520663422,111,5,55,50.78669728,26.283443,84.42478917,watermelon
6.106500787000001,108,23,51,40.228644,26.84366082,83.85039964,watermelon
6.277484042999999,113,30,50,43.87712348,26.03967219,83.9862443,watermelon
6.195142279,83,10,53,48.75859458,24.92994759,85.00802358,watermelon
6.792035575,101,11,51,44.2068997,25.50736962,84.24340241,watermelon
6.472756256,114,21,55,57.51549686,25.4438391,87.93923120000002,watermelon
6.000975617000001,99,6,45,40.71210074,26.12588914,86.5507939,watermelon
6.5877912620000005,92,20,55,59.26519444,25.10474753,87.52676159999999,watermelon
6.956508826,92,7,48,54.38748495,26.27520631,86.63249555,watermelon
6.259086582999999,91,24,55,46.76837499,26.27061608,83.09194521,watermelon
6.747537642,110,21,54,47.46447019,26.73690828,87.82430156,watermelon
6.932537231,112,25,51,56.72496677,25.04746944,85.5667282,watermelon
6.353107392999999,89,25,54,48.99390828,24.69368934,85.56967628,watermelon
6.211748957,100,10,53,42.00660251,24.54356968,84.60808277,watermelon
6.277245253999999,83,22,54,54.49960057,25.89762315,81.96664832,watermelon
6.560443519,95,14,50,56.31866159,26.6333118,84.31756844,watermelon
6.903020221,119,30,49,47.72078245,25.35794749,80.45846265,watermelon
6.765094963999998,97,12,47,58.28697664,25.28784623,89.63667876,watermelon
6.189213927000001,110,7,45,48.32428609,26.63838589,84.69546874,watermelon
6.904241707000001,96,18,50,41.53218699,25.3310446,84.30533791,watermelon
6.463271076,83,23,55,43.97193745,26.89750174,83.89241484,watermelon
6.260838965,120,24,47,58.54876687,26.98603693,89.4138489,watermelon
6.776533055,115,17,55,28.08253201,27.57826922,94.11878202,muskmelon
6.528404377999999,114,27,48,26.32405487,27.82054812,93.03555162,muskmelon
6.750145572,101,25,52,22.52497327,29.09910406,94.22237826,muskmelon
6.562832807,118,18,52,20.76223014,28.04943594,90.83130708,muskmelon
6.117530021,95,26,45,28.16057247,29.91690582,94.55695552,muskmelon
6.076459669,81,25,49,26.26243014,29.86895762,93.25103208,muskmelon
6.293486295,117,24,53,21.30290472,29.17220859,92.21405224,muskmelon
6.069171847000001,114,30,51,25.93496537,29.24908541,90.06998135,muskmelon
6.740983646,113,6,52,25.21609113,27.76317235,90.35567642,muskmelon
6.201797639,108,26,52,26.23838511,28.82629037,94.26765349,muskmelon
6.041027474,81,30,48,29.86681385,28.52379742,92.09688432,muskmelon
6.019372459,115,9,52,29.1194739,29.06785065,90.97685539,muskmelon
6.704104127000001,83,7,45,25.33014238,29.08417927,90.73891887,muskmelon
6.494251024,84,21,55,21.08484101,28.47090661,94.79453182,muskmelon
6.224535448999998,109,26,45,21.58992507,28.27973674,90.38971208,muskmelon
6.160414414,95,27,55,20.88620369,28.47212559,91.21322065,muskmelon
6.168757984,119,5,55,26.83924845,29.68846716,94.30111601,muskmelon
6.085444691,110,14,51,21.26034986,27.02415146,91.66737633,muskmelon
6.1590508160000015,82,18,48,26.70581328,29.09588297,94.16748386,muskmelon
6.606033244,87,14,48,29.1102594,29.69238699,92.58862544,muskmelon
6.447662945,85,9,53,28.78654515,28.20619412,92.86798698,muskmelon
6.105909623,100,6,53,23.66620626,29.05248036,93.92217834,muskmelon
6.559763394,107,12,46,27.56918621,29.57240298,93.61870344,muskmelon
6.14410903,91,13,47,27.95602304,29.10968327,92.43510994,muskmelon
6.099662369,102,25,50,20.36001144,28.20480805,92.91440379,muskmelon
6.413927319,117,25,53,24.52020164,29.11858526,92.12543021,muskmelon
6.0751441160000015,85,21,52,23.69586761,29.62800691,90.10051615,muskmelon
6.123802502,104,25,55,22.68766503,29.81196601,90.36881284,muskmelon
6.698468621,102,24,54,22.81863447,27.72338349,90.93897939,muskmelon
6.088885814,116,25,50,28.70627683,29.26092798,92.92367701,muskmelon
6.367800632000001,100,17,48,26.52364146,29.72791119,94.29753295,muskmelon
6.425930938,110,25,54,23.44398467,28.91105641,90.78413842,muskmelon
6.469983276000002,104,25,51,23.56130173,28.96361426,93.88482153,muskmelon
6.094016337999999,107,11,54,29.44008034,28.59052369,91.33617236,muskmelon
6.150090898999999,98,26,52,28.69113835,27.33897716,90.69759008,muskmelon
6.646962425,88,17,52,25.37828397,29.90415889,90.75284363,muskmelon
6.379690748,87,25,46,21.7508774,27.42711692,90.02696201,muskmelon
6.732834334,120,8,46,28.36535596,29.55657523,90.70937262,muskmelon
6.126019932,95,13,46,23.28207838,29.84070774,93.76312893,muskmelon
6.161123579,108,22,47,25.1290048,28.53545677,91.72742702,muskmelon
6.442810053,82,13,52,26.51924782,27.11535046,94.86907886,muskmelon
6.732049075,120,23,55,26.47844429,27.84492803,91.60666594,muskmelon
6.243673725,110,22,47,24.93861254,29.03157242,91.82172592,muskmelon
6.266208727,95,23,45,21.19014526,27.82424457,90.56698742,muskmelon
6.350623739,106,10,49,20.21126747,27.72653142,92.00687531,muskmelon
6.002927293,99,12,52,22.21807088,28.69708334,94.30759855,muskmelon
6.342573112,106,20,51,20.49035619,29.73019662,90.97015715,muskmelon
6.163921247999999,83,11,53,21.9653077,29.54097171,92.91778307,muskmelon
6.121745389,117,19,55,25.16359891,28.80311922,91.78336933,muskmelon
6.130160472999999,98,26,49,23.49535234,27.29035669,90.53330091,muskmelon
6.440584681,113,20,48,27.27899847,27.46583649,94.87679041,muskmelon
6.185053234,101,17,47,26.30820876,29.49401389,94.72981338,muskmelon
6.157724816,98,7,45,26.85422624,27.79161808,92.51054946,muskmelon
6.776987974,93,22,48,21.90440445,29.12533739,91.52291141,muskmelon
6.431970877,95,21,47,20.66127836,27.93114233,93.56161439,muskmelon
6.708743843,109,12,48,20.76212031,29.45771748,92.12534736,muskmelon
6.010739645,118,12,47,28.94766949,27.96872279,92.17444796,muskmelon
6.365956657999999,100,14,49,26.01909355,29.48882958,91.07574233,muskmelon
6.6683827660000015,89,9,47,28.75226067,29.47156259,90.77069618,muskmelon
6.74669542,95,16,46,24.4514648,27.076726500000003,90.14362622,muskmelon
6.031665834,95,7,45,25.09484511,27.30008597,90.80015308,muskmelon
6.40077205,87,6,45,22.84203589,29.82729394,90.79007335,muskmelon
6.448792688999999,93,20,50,24.34814338,29.93061247,93.22980899,muskmelon
6.251420275,84,29,49,20.39020503,29.94349168,93.90741192,muskmelon
6.2744528110000015,111,5,47,21.17924769,28.03306461,91.47355778,muskmelon
6.135996372,111,5,52,21.0000988,29.8843055,94.0371147,muskmelon
6.194090172,111,15,54,22.06207161,27.7058373,92.91185695,muskmelon
6.327822962000001,89,11,47,27.8659442,29.78714005,94.65343534,muskmelon
6.2125672110000005,110,15,48,27.598717800000006,28.57819995,92.86597437,muskmelon
6.640470862999999,95,30,52,26.0365768,29.48069921,90.33698678,muskmelon
6.685553129,115,12,52,21.01796432,27.51492243,94.96218673,muskmelon
6.327210469,120,25,50,21.84869328,28.05457761,94.81637388,muskmelon
6.35544263,102,11,45,24.15591199,29.03167341,93.12603235,muskmelon
6.085682343999999,94,5,55,26.88372572,28.5854649,91.89216849,muskmelon
6.781050372999999,84,18,46,25.32159689,27.08808014,93.42402083,muskmelon
6.630301421,107,22,54,21.61893763,27.99611732,90.84660317,muskmelon
6.484799661,80,18,52,24.05207925,27.87317436,91.14849627,muskmelon
6.566759102000001,86,18,45,22.25838137,28.96586565,90.71832938,muskmelon
6.170520517999999,113,28,48,24.44267592,28.87726019,92.48839665,muskmelon
6.0124803510000016,115,18,53,22.06994464,29.17052093,94.19790371,muskmelon
6.541150335,82,20,54,21.44532907,29.34033587,90.01506395,muskmelon
6.341400922,98,22,47,28.83568362,29.07265321,91.91533173,muskmelon
6.150686363999999,117,25,54,29.11187663,28.68275966,92.50969311,muskmelon
6.438008152999999,83,15,49,23.20076686,28.92705913,91.39356832,muskmelon
6.547041902999999,120,16,51,23.28618248,27.99901833,91.64193051,muskmelon
6.399891457000001,111,5,50,24.84266123,27.59350075,91.79742953,muskmelon
6.186770318,85,21,47,24.69720481,29.87331077,90.60932469,muskmelon
6.159020864,90,23,54,27.26588346,28.55852465,90.45773041,muskmelon
6.660954816,99,29,55,26.48240255,29.19378695,91.46241065,muskmelon
6.504906978999999,102,11,47,27.14509034,27.98780984,92.78226196,muskmelon
6.706053225,80,18,51,20.76582087,28.05380704,91.81758779,muskmelon
6.067665497999999,87,21,52,27.21244021,27.350629600000005,94.29119509999998,muskmelon
6.419083092,114,8,52,28.22908103,29.34081108,94.5513539,muskmelon
6.39637861,99,6,46,28.98574189,28.61475136,94.22253035,muskmelon
6.375923383,89,25,50,25.08146686,27.04863538,91.34685096,muskmelon
6.700337732,96,13,55,21.13545688,29.5275305,94.57459443,muskmelon
6.565312652999999,82,26,47,24.20007242,28.50416396,93.46806467,muskmelon
6.286515359,106,21,52,23.0362503,28.89578588,94.78993038,muskmelon
6.448061578,90,15,52,23.65747461,27.04927452,91.3821731,muskmelon
6.585872508,106,16,54,24.7458198,28.96017885,91.69532178,muskmelon
5.521466996,24,128,196,110.4317855,22.75088787,90.69489172,apple
6.133220586,7,144,197,114.0512495,23.8494014,94.34814995,apple
6.226289556,14,128,205,116.0396587,22.60800988,94.58900601,apple
6.321152192,8,120,201,122.233323,21.18667419,91.13435689,apple
5.587905967,20,129,201,116.07779309999998,23.41044706,91.69913296,apple
5.824151692999999,32,137,204,117.7296726,22.86006627,93.12859895,apple
5.7721799460000005,27,139,205,105.5473627,22.48403042,93.40819246,apple
5.790993052,0,123,205,121.1349176,22.02775403,92.96129462,apple
6.4992268210000015,22,144,196,117.0761277,21.91191314,91.68748063,apple
5.658473817000001,1,124,199,112.66765890000002,23.71059131,93.27392415,apple
5.573241391,30,122,197,106.1417017,21.37784654,92.72043743,apple
6.079497202000001,29,121,196,123.5977843,22.84852833,94.32130209,apple
6.3831802710000005,13,126,204,108.183792,23.1094265,92.79630809,apple
5.867420996,9,139,199,105.3558408,23.25230817,94.54128292,apple
5.708418722,0,133,200,104.2298028,23.67287749,90.4935574,apple
5.7983508000000015,30,143,199,102.2648546,23.76881552,90.59810302,apple
6.28188384,36,140,198,104.4267991,23.34386401,91.47684705,apple
5.697945522,37,137,199,108.3405879,22.63946441,90.18451645,apple
5.6059340870000005,33,121,203,114.8407725,22.45696744,94.76285385,apple
5.85648105,7,144,195,104.64729859999998,22.96388477,93.58065995,apple
6.041053829,35,128,205,107.8737015,21.07273439,93.56585985,apple
5.685062404,29,128,198,121.4977331,22.44075021,92.70785115,apple
5.669489065,2,143,196,109.8852597,22.71271308,90.45261746,apple
5.751707342,34,140,198,115.1781396,21.70416965,93.44006288,apple
5.800448951,29,144,204,119.1025189,22.43324518,92.48667725,apple
5.821347769,32,141,203,109.06584709999998,21.25941052,92.84416234,apple
6.28022267,13,144,197,105.6941544,22.9215706,94.89613443,apple
6.027314401,25,143,198,107.855225,22.81212536,91.51861705,apple
5.636687393,9,137,200,102.8017203,21.12152071,90.6878768,apple
5.559363609,6,144,198,104.5086618,21.11478672,90.31528693,apple
5.596449493,37,126,196,107.17281909999998,23.59997268,90.97597665,apple
5.893492998999999,2,120,203,108.62118329999998,23.12652652,94.71203306,apple
5.875718516,11,143,197,122.1952483,22.98458907,93.3204487,apple
6.386021424,10,141,201,104.5412275,22.12659387,90.97818277,apple
5.710819862,24,142,202,101.8474768,22.53779727,91.48135786,apple
5.7959857160000015,23,138,195,124.3915101,22.49095104,91.70292746,apple
6.046673619,18,125,204,116.7366261,22.35548159,94.47811755,apple
6.443382913,13,121,196,120.1593771,22.20700989,93.50574163,apple
5.617227184,26,122,202,107.1843273,22.44516988,94.73763514,apple
6.442289294,28,123,202,120.4359949,22.76643029,92.12438519,apple
6.162034371,26,121,201,112.3126628,22.19109412,90.02575116,apple
5.812781806,21,137,196,123.5900822,23.6119202,91.70293849,apple
5.7650151260000015,21,135,198,105.0241329,23.86087054,94.92048112,apple
6.184922574,5,144,205,102.8045658,21.42177231,92.62665309,apple
5.739652177000001,2,123,205,124.9831618,22.36629253,90.78572467,apple
5.8247786360000005,15,133,199,117.6102915,23.99686172,91.61001707,apple
5.554823557000001,31,130,198,120.05866709999998,21.80129837,92.73446667,apple
6.024248787,25,143,200,100.6192543,23.80436344,92.80441624,apple
5.631333387000001,16,143,204,121.8961665,23.71475278,91.53331177,apple
5.811975094,19,122,202,112.8954016,23.34467359,90.37981478,apple
5.730557448,10,125,196,113.0688155,22.31253665,90.03577124,apple
5.66999105,20,139,202,107.9868949,23.50201428,92.21083961,apple
5.682751473,28,123,198,111.7763395,23.46260321,91.45665004,apple
6.245858905,28,136,200,114.7399101,23.06204373,92.39544055,apple
6.017370134,2,131,199,124.2179699,22.47420512,91.22759742,apple
5.53456749,2,140,197,105.0508234,22.69780133,92.82223419,apple
5.952367662,27,138,201,105.4004751,23.66682067,93.90191078,apple
6.126436584,30,127,204,100.9343903,22.50050273,92.45878335,apple
6.406818518,32,145,203,109.5966791,23.83053666,90.84422164,apple
6.155939452999999,29,139,205,116.6912176,23.64142354,93.74461474,apple
5.878568981,26,126,195,118.3979065,21.41363812,92.99124545,apple
5.935336307999999,40,136,202,117.53140259999998,22.85267372,94.57645809999998,apple
5.971332179,6,124,200,109.5852253,22.98208095,93.84505029,apple
5.67130617,35,138,200,103.6838922,21.19909519,90.80819418,apple
5.882155987999999,17,136,196,103.0548094,23.87192332,90.49939035,apple
6.08551916,33,134,205,114.7412734,21.0365275,94.33919546,apple
5.90402645,16,143,197,116.9256766,22.61711614,93.51978375,apple
6.1102188260000005,27,120,200,116.7036582,21.45278675,90.74531921,apple
6.212302608,29,145,205,109.3383552,22.81227579,92.12992101,apple
6.142803397000001,3,141,197,115.4789148,21.98141856,91.12719303,apple
6.365972687999999,15,123,204,115.3830068,22.52709326,92.54780429,apple
6.264202804,5,136,195,107.7697413,22.35628673,91.92360477,apple
6.276198595,10,136,204,105.8554351,21.19852186,92.15595143,apple
5.514253142,7,141,195,104.9116663,23.8812458,93.45067555,apple
5.682343744,2,129,201,122.1449949,22.78234161,94.36803516,apple
5.830892252000001,29,138,197,121.6622761,22.19055385,92.43764169,apple
5.603413172000001,30,137,200,118.6044645,22.91430043,90.70475565,apple
6.0967531,29,132,204,108.2166601,23.08950736,90.22507299,apple
6.056529526,14,139,197,121.6961761,21.72484506,92.83975602,apple
6.160267496,18,125,203,102.5565807,22.44307715,91.59234006,apple
5.814434775,33,143,204,122.5391946,21.1316077,91.95769858,apple
5.987262638,40,144,196,107.0289866,22.71750705,92.25479855,apple
5.570020684,9,143,197,117.6602827,23.75033085,92.88160462,apple
5.9655513110000005,38,135,203,100.825956,23.76121837,93.661643,apple
6.062356467000001,28,130,196,112.9203223,22.13450646,94.67695747,apple
5.895319002000001,35,142,203,123.6495149,21.17089176,90.23730166,apple
6.119432215,12,129,205,118.68327250000002,22.36238282,91.15761594,apple
5.624203283,1,135,203,113.7759219,22.77856513,92.70124029,apple
5.52078314,0,145,205,113.9760462,21.22503442,90.09877774,apple
5.731535257999999,31,121,201,110.712841,23.15791104,90.34396882,apple
5.893490899,35,131,203,102.7230739,22.42776057,93.91722423,apple
5.560521058,29,140,195,116.7431319,23.64082979,90.95257927,apple
6.222390797999999,33,138,198,122.7418744,22.29423493,90.69033986,apple
6.071255131,14,140,197,113.0381382,23.35225078,90.90054697,apple
6.231950009,35,145,195,110.9804014,22.03911546,94.58075845,apple
5.889480679,40,120,197,119.6335548,23.80593812,92.48879468,apple
5.732757516,25,132,198,100.1173443,22.31944084,90.85174383,apple
6.400321212000001,31,137,196,120.6310784,22.14464104,93.82567435,apple
6.496934492,36,144,196,115.3611268,23.65167552,94.50528753,apple
6.229498836,10,140,197,124.4683112,22.16939473,90.27185592,apple
6.354006743999999,22,30,12,119.035002,15.78144173,92.51077745,orange
7.511755067999999,37,6,13,101.2847738,26.03097313,91.50819306,orange
7.335158382,27,13,6,111.2266885,13.36050601,91.35608208,orange
7.813916602999999,7,16,9,114.6659511,18.87957654,92.04304496,orange
7.1291369410000005,20,7,9,111.1727497,29.47741671,91.57802915,orange
6.079998496,26,27,10,114.1339416,28.06903173,92.91487288,orange
7.408939392000001,5,23,15,112.5424199,25.66901098,92.04670813,orange
7.207991261,0,18,14,114.41617859999998,29.77149434,92.00719952,orange
7.189259647,39,24,14,106.0711985,30.55472573,90.90343769,orange
7.365338111,13,23,6,102.6958703,23.96147583,90.26408017,orange
7.455991072000001,21,17,15,118.4901697,23.98289638,91.5473145,orange
6.822282114,33,12,8,117.36952959999998,25.26052689,90.31153735,orange
7.028746406000002,6,9,12,109.6894658,31.08368929,90.14362642,orange
6.118430299,19,7,10,100.1961762,14.78003032,91.22062116,orange
6.285312759,24,18,6,116.3796525,26.56608303,94.45239715,orange
6.559236744,9,11,8,111.78037340000002,24.85903405,94.39000473,orange
7.163245982,31,8,7,103.5684926,34.51465139,93.63812684,orange
6.945562889,22,17,5,102.835632,24.12188673,90.72351622,orange
7.474710503,13,5,8,103.923226,23.85340379,90.10522549,orange
7.601189842999999,16,8,9,111.2948115,24.60297538,91.28408653,orange
7.5611432239999985,4,13,6,101.4705704,15.63211033,94.25966183,orange
6.361671475,0,25,14,116.450422,19.33516809,91.97978938,orange
6.929216014,8,7,10,105.2132259,28.2620488,91.98317355,orange
7.477935216,4,23,5,110.3332655,22.67594476,93.36348717,orange
7.684420446,33,14,8,110.6823944,21.03200078,92.9641969,orange
7.825531916,30,7,15,115.7659902,33.23453301,91.06053924,orange
6.438668989,21,29,12,117.3688104,22.30318989,92.15987039,orange
6.946354724,11,14,5,115.56837759999998,11.50322938,94.8933184,orange
7.994465371,9,8,15,110.22231229999998,14.34320488,94.35734702,orange
7.434118807000001,5,18,14,119.1709113,33.105698100000005,93.48447453,orange
7.781988584,29,25,14,113.3302105,30.49183837,90.4582865,orange
6.052318465,33,12,15,116.7173125,30.25578031,92.03272799,orange
7.106650373,8,16,6,108.4161706,12.22816189,90.26457428,orange
6.22094286,15,14,8,119.3941064,10.01081312,90.22399223,orange
6.420457311,16,7,8,116.5084074,22.79196751,90.60901895,orange
6.969249676,0,12,7,116.8130969,20.18432263,90.65458473,orange
6.0113021810000005,5,25,6,106.8118019,30.72119881,94.01331956,orange
6.600948787999999,6,8,11,119.6946577,24.35590861,92.39651663,orange
7.817846496,10,5,5,112.9834361,21.21306973,91.35349216,orange
6.8198271,1,17,6,117.5293447,10.78689755,91.38411917,orange
7.291405641,1,30,10,103.5771468,11.89925671,91.34663797,orange
7.598729065,0,23,15,109.8585753,22.56664172,93.37488907,orange
6.157135092000001,24,27,9,119.3936976,18.86883219,93.24688124,orange
7.1917274,36,11,13,112.7194284,17.34083741,93.04897191,orange
7.418761774,40,21,8,102.1906333,34.90665289,92.87820148,orange
6.488221135,40,22,6,115.9787989,24.53610067,91.90997228,orange
6.044167236,32,18,13,107.9873218,13.8377282,91.74780462,orange
6.010391864,9,10,10,101.5164589,22.3551049,93.52211892,orange
6.949838549,13,16,8,100.1967854,34.74004942,93.12316972,orange
7.907956251,15,9,11,108.82891709999998,11.54785707,94.14861001,orange
7.639788459,29,11,5,104.4224145,23.13338811,91.94670335,orange
7.53350946,1,15,9,115.3560318,29.98364695,94.55239717,orange
6.251586885,18,5,11,102.4550786,20.87947369,90.93756231,orange
6.543191814,14,22,9,112.50905159999998,17.24944623,91.13772765,orange
7.651225301,33,15,7,109.7571416,15.83388699,91.68293851,orange
6.708889665,4,6,7,112.6738296,23.01014302,91.11764246,orange
6.625538653,17,16,14,102.944161,16.39624284,92.18151927,orange
6.528354932,12,20,10,109.4711098,24.45132792,93.10527686,orange
6.450640306,34,29,8,105.3437825,31.87859192,91.15248149,orange
7.181907673,39,28,10,109.1549823,31.34920143,91.48247612,orange
7.016482298,31,25,12,111.7793889,18.05142392,90.03969587,orange
6.388617138,12,6,8,107.4142681,30.84835031,92.86773675,orange
7.57125447,12,29,13,118.0069295,22.45616931,91.52781832,orange
7.609348255,26,11,11,106.2944879,13.70319166,90.95589386,orange
7.137136973,19,24,15,111.83919509999998,20.48954522,93.72485075,orange
6.354022554,39,21,9,106.2696156,13.20844373,94.02769434,orange
6.196907944,16,29,13,117.6236473,32.31944397,93.67804556,orange
7.829507245,36,29,13,109.7513927,20.68185224,90.91510525,orange
6.395258356,37,23,12,113.1169398,31.52675982,90.50621806,orange
7.992041984,39,9,15,116.7555937,25.35467646,91.81183218,orange
6.583411671,31,5,14,110.6857506,17.66545409,91.69865887,orange
6.206053072,18,12,8,119.39167179999998,12.59093977,91.81668769,orange
6.976997772000001,20,20,10,106.060149,11.86631922,93.68394562,orange
6.562594972,5,8,5,112.7715925,11.03367937,92.22706805,orange
7.260416405,20,8,12,117.9733424,25.2990432,94.96419851,orange
6.460044777999999,25,21,11,104.7052254,32.23797837,90.15406807,orange
6.699164936,14,19,14,108.0638166,17.68408797,94.35815354,orange
7.401121811,37,18,12,106.69552040000002,10.2708877,90.19147747,orange
6.912033409,26,15,6,108.0054343,17.22034507,94.78797376,orange
7.764040111,13,22,5,100.1737964,19.667056,90.50096668,orange
7.796034006,32,25,9,101.1456947,10.35609594,93.75652041,orange
6.969883482999999,19,7,9,101.139435,27.255435,91.71369387,orange
6.730757538,28,7,9,115.5650287,34.591784600000004,92.13229786,orange
6.601395755,24,30,11,113.25373,32.39523995,94.51768464,orange
6.465913274,7,17,10,106.362551,10.16431299,91.22320999,orange
6.41354791,18,23,8,101.4819888,21.49118657,93.43949693,orange
6.475275337,7,20,12,110.0447896,16.53460397,94.76759975,orange
6.407715561,20,23,11,109.9455062,31.852069399999998,90.12220323,orange
6.550814117000001,18,14,11,117.1311498,28.04799508,90.00621688,orange
7.36220835,34,11,10,115.1989301,31.75048899,94.59551226,orange
7.36549204,20,29,10,100.7896871,29.07412717,93.27189064,orange
7.8546243,37,24,13,108.0230792,19.14381903,90.71037456,orange
7.995848977,12,8,10,107.4287664,16.14820285,91.4448027,orange
6.725600855,34,10,14,116.8020848,34.05296914,92.05811721,orange
7.786725333,6,13,9,118.32719679999998,34.51423957,90.56151463,orange
7.656978112000001,27,30,5,113.328978,32.71748548,90.54608254,orange
7.105904818,13,8,12,114.3117197,25.16296632,92.54736032,orange
7.199106204,6,7,7,113.9995146,27.68167318,94.47316879,orange
7.871063004,40,17,15,107.0862095,21.35093384,90.9492967,orange
7.566165721,31,26,9,103.2005992,11.69894639,93.25638873,orange
6.7932454170000005,61,68,50,243.0745066,35.21462816,91.49725058,papaya
6.576261427,58,46,45,88.46607497,42.39413392,90.79028064,papaya
6.751452932,45,47,55,119.2653877,38.4191628,91.14220381,papaya
6.560743092999999,39,65,53,235.6133585,35.33294932,92.11508608,papaya
6.938313356,31,68,45,196.2408242,42.92325255,90.07600528,papaya
6.991626158,70,68,45,203.4044028,33.83508569,92.85470152,papaya
6.977700268,68,62,50,197.5282582,33.20258348,92.76437927,papaya
6.833768535,34,65,47,191.7760562,23.48546973,93.71043692,papaya
6.739170045,38,68,54,202.0572747,29.33710543,90.81781439,papaya
6.993473247000001,69,64,47,186.6762324,40.21199348,94.50766912,papaya
6.757470637000001,58,51,47,197.402901,42.13473976,91.70445386,papaya
6.8506632320000005,59,47,53,47.271547,32.86316618,91.4618874,papaya
6.74274935,44,64,54,232.7046126,29.80744318,91.38048469,papaya
6.506120752,56,57,48,63.62250788,31.56213762,93.0484859,papaya
6.98992719,69,60,54,141.1736926,36.32268069,93.06134398,papaya
6.69215564,56,58,49,172.47880619999995,37.13165026,94.60761797,papaya
6.544029776,49,55,53,77.71566883,38.4418717,93.63739039,papaya
6.927803911,38,51,52,78.85085502,32.66160599,90.78931681,papaya
6.721835879,54,65,47,149.91075569999995,27.92765919,91.55594211,papaya
6.99223441,57,57,51,105.8841531,39.01793345,91.48815629,papaya
6.704204398,39,52,53,51.07048113,32.51247398,94.65904123,papaya
6.702424548,58,67,45,62.62377075,38.72382798,91.72514851,papaya
6.641098708,61,64,52,110.562229,43.30204933,92.83405443,papaya
6.585346229,34,62,55,238.5008779,27.58548913,90.72526502,papaya
6.563134737,31,48,45,132.7923586,40.78881819,92.90951393,papaya
6.502289472999999,47,46,52,206.3999208,23.19451074,91.40301608,papaya
6.800321319,32,68,52,248.8592986,32.68067385,92.61715632,papaya
6.721130542999999,36,59,46,127.2509777,34.28879307,93.61082872,papaya
6.574677594,61,51,51,120.9512466,39.30050027,94.16193416,papaya
6.919342407,70,54,46,122.7628653,39.73149053,91.12220596,papaya
6.519779582999999,44,56,49,64.4478499,39.23342464,91.25589286,papaya
6.687088097999999,34,68,51,40.35153141,27.34734861,94.17756725,papaya
6.747975732,50,59,47,209.8678411,40.76998685,92.09278584,papaya
6.65149129,39,70,52,59.49373381,26.26559543,90.79668055,papaya
6.502675132,34,61,49,117.8201907,28.12971499,93.3210737,papaya
6.825371185,44,60,55,98.54047745,34.2804607,90.55561637,papaya
6.99104104,31,62,52,182.026807,33.7960155,93.00754254,papaya
6.5116248410000015,65,62,51,207.0735119,31.53243779,90.87394933,papaya
6.93172108,44,57,53,74.876786,42.30495821,90.51431779,papaya
6.712772332999999,50,47,48,218.2299187,24.63676897,90.61964344,papaya
6.63016515,43,50,48,179.27208069999998,28.28222883,91.37059792,papaya
6.761953186,60,46,53,183.49095,24.48620746,92.98254537,papaya
6.691202286,70,68,55,78.80996390000001,42.84609252,94.63548176,papaya
6.608667683999999,59,62,52,103.8235658,43.67549305,93.10887229,papaya
6.840802254,60,58,51,165.7412972,42.07213781,92.92203105,papaya
6.834808347999999,42,60,47,136.8277041,33.46873719,92.12746225,papaya
6.953439161,35,66,47,48.83810592,31.7018373,91.66232213,papaya
6.665024507999999,34,65,48,199.3096432,41.41968393,90.03863107,papaya
6.662875839,36,54,46,214.41038480000003,42.54744013,94.94482086,papaya
6.678695788,39,64,52,63.68794608,28.91842453,94.63676767,papaya
6.54277684,37,52,47,211.8529059,43.08022702,93.90305729,papaya
6.839443833,33,47,46,209.4083305,29.20300896,93.96834049,papaya
6.805277038,34,48,48,181.527598,41.04224355,91.37258067,papaya
6.762522087000001,49,54,50,97.26336657,25.62446619,93.18240298,papaya
6.678449317999999,40,65,49,163.9069365,35.32876402,91.06138506,papaya
6.577192175,68,52,49,63.35298768,24.42561272,92.27749066,papaya
6.734005647999999,50,46,52,54.01872359,31.18298415,90.21646909,papaya
6.524459342,65,63,50,79.27201575,31.88342554,91.3256535,papaya
6.501521192,40,49,47,246.36132680000003,42.93368602,91.1756748,papaya
6.758479569,42,53,48,231.5153161,23.11407669,94.31994776,papaya
6.676578778,49,55,51,135.16945249999998,24.87212063,93.90560147,papaya
6.941496806,59,62,49,114.778071,43.36051537,93.35191636,papaya
6.864143752,63,58,47,144.66564440000005,26.83054058,90.75379971,papaya
6.583528529,70,65,52,75.95295,30.42012134,93.12659793,papaya
6.751747609,63,50,52,115.8163936,28.64555584,93.22642604,papaya
6.893509446,40,64,47,71.73759526,32.50037548,93.47888842,papaya
6.720744449,63,58,50,41.5856585,43.03714283,94.6428898,papaya
6.827812549,45,58,49,75.24521981,30.10773379,90.34546355,papaya
6.912299695,66,69,47,87.53393983,23.69212243,93.61055571,papaya
6.586107335,54,67,52,141.3381168,35.67667332,93.30641944,papaya
6.827305908,69,67,52,82.83061083,27.71948962,94.43877142,papaya
6.821774589,67,68,49,149.8488208,35.26824831,92.38282957,papaya
6.656458831,45,57,47,161.68920930000004,23.16855863,90.78821158,papaya
6.770384816,56,50,52,88.1300769,33.08706051,92.25197542,papaya
6.933809742999999,70,50,53,172.3458448,37.4620912,90.44967809,papaya
6.579441304,44,47,45,218.142147,38.73218907,94.73613484,papaya
6.92791761,50,60,47,93.7942847,32.57720726,92.74889453,papaya
6.985804083,52,51,53,210.2735346,38.38231475,93.10378595,papaya
6.612429546,35,68,45,234.8466111,42.93605359,90.09448142,papaya
6.813383387000001,68,69,52,52.95477913,25.65492304,92.74501561,papaya
6.967759599999999,32,55,52,159.6577388,37.58899717,91.99740365,papaya
6.57398033,32,55,51,62.68710535,29.60718808,93.15642801,papaya
6.803094965,48,62,47,174.40123369999995,25.34756111,93.02871078,papaya
6.964955435,39,69,53,241.8202079,25.9300384,93.02357765,papaya
6.764213299,49,61,45,240.4795923,32.76795887,94.57377401,papaya
6.617703177999999,48,57,54,126.8069869,29.02328049,90.20396783,papaya
6.52711001,69,66,49,92.11877372,40.00439101,90.17015833,papaya
6.709668804,53,55,55,234.496633,33.32315744,91.25271223,papaya
6.620729882000001,38,61,52,46.44279118,31.22790131,94.94021378,papaya
6.583760498999999,57,64,55,62.50689682,26.68386496,92.9585411,papaya
6.6764073370000006,51,57,55,108.4103158,24.70528368,90.14732171,papaya
6.751298936,56,65,45,218.09088140000003,38.2016825,93.97379963,papaya
6.867554147000001,54,66,52,104.4218596,36.56769731,93.79503425,papaya
6.7424900270000006,58,55,47,240.6863901,26.05375792,93.69111672,papaya
6.986228647000001,68,70,54,54.77830202,31.29986342,92.76039164,papaya
6.979102243,42,59,55,149.1199989,40.10207731,94.35110201,papaya
6.8256647820000005,43,64,47,102.2708231,38.58954491,91.58076549,papaya
6.617066674,35,67,49,239.7427554,41.31330062,91.1508798,papaya
6.551892637999999,56,59,55,188.5181422,37.03551903,91.79430166,papaya
6.598860305,39,64,53,208.3357976,23.012401800000006,91.07355541,papaya
6.4200187170000005,18,30,29,224.5903664,26.762749300000007,92.86056895,coconut
5.7400545670000005,37,23,28,224.3206759,25.61294367,94.3138837,coconut
5.686972967000001,13,28,33,151.0761899,28.130115000000004,95.64807631,coconut
6.293662362999999,2,21,35,179.8248944,25.02887163,91.53720922,coconut
6.381975465,10,18,35,181.6942283,27.79797651,99.64573002,coconut
5.542169138999999,7,11,32,184.7624496,29.25902906,95.11294697,coconut
5.551963184,39,5,31,150.9502632,27.10134661,93.69979946,coconut
5.8607404810000014,34,6,27,147.8888994,25.84726298,90.92669463,coconut
5.558807063,31,30,29,178.8116076,26.58580443,90.98617591,coconut
5.55771171,25,7,35,189.67113490000003,28.38503882,99.18843684,coconut
5.568365926,16,18,26,145.54144130000003,28.43647052,91.81320717,coconut
6.07071786,26,10,33,198.8234862,28.27298134,96.93649473,coconut
5.627860548999998,27,8,32,144.3331315,27.00648436,96.46168931,coconut
6.38488418,37,18,30,157.91715369999997,27.63551259,99.34854917,coconut
5.6858890660000005,19,15,34,215.9195049,26.29644905,99.65809151,coconut
6.234458417000001,0,19,33,204.7206567,27.1326009,95.23797989,coconut
6.443168642000001,31,20,26,199.7936345,25.56567803,97.61361544,coconut
5.842317989,9,17,32,172.0540491,25.94951662,93.40548703,coconut
5.955742971,22,11,29,218.0055713,28.03380598,95.01630593,coconut
5.741367375,31,6,26,157.2388553,29.12859129,91.30924833,coconut
5.948342571,34,6,30,171.7575545,27.0828252,97.00155491,coconut
6.387067562,24,6,32,172.48136409999995,28.11321494,90.01734526,coconut
5.562911913,1,8,26,156.6732553,27.5136304,94.18955816,coconut
5.85971872,31,13,33,205.5463111,27.63834933,95.48763389,coconut
6.282955072999999,10,9,28,150.05003119999995,29.01256899,94.01014388,coconut
6.25449571,36,27,26,171.6262299,26.58413917,95.78923137,coconut
5.973853124,38,24,33,142.9403233,28.28905147,97.00396405,coconut
6.081568052000001,11,6,25,178.9635457,28.69164799,96.65248672,coconut
6.37466756,16,14,30,209.84539930000005,29.70931288,96.30484325,coconut
6.027707171,33,14,35,149.2433497,27.14865285,96.66355213,coconut
5.868285082000001,16,6,29,132.1491176,29.28725038,91.95614918,coconut
6.205931637999999,32,11,31,134.84190690000003,25.06871967,93.31410447,coconut
5.5707453860000005,38,14,30,194.9022136,26.92449525,91.20106019,coconut
6.095261012999999,8,6,33,171.9457959,28.27804288,93.64761266,coconut
6.025789594,23,6,33,204.9603677,29.18032562,92.73041222,coconut
5.542873799,29,25,35,160.73069909999995,28.3575072,91.64509299,coconut
6.366219551,24,14,33,218.5241851,29.38072512,93.27565685,coconut
5.579845008,32,12,30,218.080385,25.39241091,98.08951196,coconut
5.804965067,30,25,31,208.1181381,26.31270635,98.62048026,coconut
6.121005506,14,21,35,194.3100272,29.52501367,91.91185319,coconut
6.000248647,27,22,29,145.41723869999996,28.83214859,92.17170353,coconut
5.820978791,40,5,29,160.389421,28.48444906,97.76865458,coconut
5.620733794,17,11,32,156.76508230000005,28.74013335,93.39676499,coconut
6.001936419,30,30,35,165.8092179,25.00872392,95.59224018,coconut
6.305740522000001,28,10,30,192.7678575,29.8690834,91.14723422,coconut
6.362544111,39,7,29,150.2012138,27.54273211,94.59086121,coconut
5.588655387,32,20,35,144.6261698,26.52166434,98.38227669,coconut
6.182232762000001,7,15,32,174.796583,25.03512351,95.89739958,coconut
5.959493188,29,17,29,211.2506267,29.20394909,95.66997327,coconut
5.677282677999999,34,15,34,224.70069530000004,27.05826457,91.10510371,coconut
5.6121227970000005,14,23,25,135.4186222,26.18552389,96.96637916,coconut
6.206077742000001,18,19,29,162.8432736,27.59376845,92.48519606,coconut
5.764812076,7,21,35,131.24514140000002,25.76011662,94.65830608,coconut
6.203376525,24,27,34,145.0583117,28.87862994,95.11320315,coconut
6.143662699,39,29,29,199.8778403,26.50908611,94.48414544,coconut
6.100429497,29,8,28,214.4128874,26.87037587,91.72546257,coconut
5.7084096010000005,10,24,27,145.9298935,27.57283516,94.90485697,coconut
5.868255858,0,29,32,171.65163959999995,28.05912437,98.3670985,coconut
6.461225827000001,32,11,31,131.2116167,29.51611558,92.56492864,coconut
6.165084855,37,10,32,222.803013,28.96318258,95.16333673,coconut
6.047044342,20,29,27,157.7592626,25.09897688,92.36099489,coconut
6.137102505,31,29,35,141.3220576,27.1872282,92.19906776,coconut
5.894027065,17,30,27,205.5720367,29.03065024,90.79093862,coconut
5.56222383,1,12,30,131.09000759999998,27.754298,95.94643831,coconut
5.832608027999999,6,13,29,201.8258633,27.31155708,99.96906006,coconut
6.2185718739999984,15,28,32,224.4016682,28.84270971,99.64328526,coconut
6.142010637,27,24,29,191.006688,26.61423461,96.97300803,coconut
6.078807239,3,23,30,215.1968037,29.70143197,95.65754365,coconut
5.702484758,8,26,26,212.867626,25.54759871,91.64194826,coconut
5.547594847,20,28,26,167.0470997,26.37978453,91.49882979,coconut
5.836075368,26,18,27,142.1430003,27.45907759,92.90736493,coconut
6.231662767,1,6,35,147.16824590000004,27.02269204,95.71935435,coconut
5.718120393,27,30,31,148.8398374,28.98545306,90.73966792,coconut
5.852038202,23,7,34,134.1279669,26.1055118,91.52421214,coconut
5.547933273,0,26,31,192.9036306,25.0707247,95.02156793,coconut
6.156259104,38,6,25,191.2996157,25.54963273,96.92786777,coconut
6.436314406,25,12,26,134.83703480000003,28.56973521,95.67906668,coconut
5.981169595,40,5,32,143.533473,26.07010807,96.7036223,coconut
6.271952832999999,0,19,31,178.7297725,25.51791333,94.38420565,coconut
6.470465614,26,9,32,144.15711090000005,25.9490364,94.73860514,coconut
6.141502001,35,30,34,182.4482352,28.2974764,95.41122824,coconut
5.826381164,19,30,30,224.83157290000003,29.56549169,91.40896307,coconut
6.342463714,31,13,33,148.30036919999995,29.69952329,95.21224392,coconut
6.071897347,17,29,26,195.4115025,26.14162144,93.28415295,coconut
6.331051715,2,30,30,209.540094,26.00175125,94.79998418,coconut
6.413184638,30,13,25,164.9182225,27.15116142,91.48889469,coconut
5.50158009,8,15,33,213.9011021,28.97318719,98.09861043,coconut
6.338720873,18,12,35,131.3387935,26.13958446,96.38580769,coconut
6.015672239,8,28,30,135.1272491,25.51618488,94.33465411,coconut
5.735364307,40,22,29,174.62564809999995,27.55821802,99.98187601,coconut
6.465906333,27,10,33,154.06212209999995,27.81132822,97.48410555,coconut
5.855457599,21,20,31,165.82487319999996,25.60033702,99.7240104,coconut
6.318552972999999,3,9,35,225.6323656,26.91641934,99.84671638,coconut
6.006784979,22,16,27,188.9252083,29.1797902,90.27214288,coconut
6.008386282999999,27,8,30,221.2258168,26.44600063,98.29937782,coconut
5.665785202,22,8,33,203.9283708,28.43572863,95.8840407,coconut
5.764615485,28,27,32,191.7723087,28.94099669,93.00109012,coconut
5.901495543999999,23,21,26,149.2220255,26.45488737,93.45042636,coconut
5.779032666,37,5,34,152.42387119999995,25.79490531,93.84150618,coconut
5.67154928,19,26,29,166.5712879,26.93141945,98.80313612,coconut
7.231324765,133,47,24,90.8022356,24.40228894,79.19732001,cotton
6.925412377000001,136,36,20,71.29581071,23.09595631,84.86275707,cotton
7.633437412,104,47,18,90.75616738,23.9656349,76.97696717,cotton
6.827354668,133,47,23,89.76050416,24.88738107,75.62137159,cotton
6.176716425,126,38,23,88.43618918,25.36243778,83.63276077,cotton
6.6287228360000015,126,50,19,78.58494391,24.69457084,81.7358876,cotton
7.256877571,113,41,20,96.32600992,25.0017188,80.53965818,cotton
6.443785385,121,45,22,64.23026638,22.45942937,81.30681027,cotton
7.7232401510000015,121,47,16,72.49800885,23.60564038,79.29573149,cotton
5.947448589,129,60,22,71.94608134,24.58453146,79.12404171,cotton
7.2277455160000015,107,45,25,71.84080724,23.0865933,83.55546146,cotton
6.219469084,122,59,18,79.81328183,23.5000992,83.63488952,cotton
6.021439523,140,38,15,69.91563467,24.1472953,75.88298598,cotton
6.253343655,102,49,21,89.799462,24.69315538,84.84422454,cotton
6.187455798999999,111,40,25,90.94342484,24.48469200000001,84.44932014,cotton
7.0576933660000005,131,35,18,64.02949379,24.49112609,82.24415809,cotton
6.720449769,135,43,16,86.76287924,23.47986888,81.73049149,cotton
6.4316895060000006,100,46,18,69.08056728,24.18586246,76.04203958,cotton
7.453106264,123,39,24,86.06411872,25.00755095,78.17952126,cotton
7.368258226,117,56,15,89.1188212,25.99237426,77.0543546,cotton
7.352401887,121,36,24,99.36898373,23.66457347,81.69105088,cotton
6.652143699,101,58,18,78.59595817,25.66891439,81.38103349,cotton
6.144631795,107,42,24,86.00758678,22.04612876,84.62978302,cotton
7.318802162000001,100,41,22,93.46595573,22.4204752,84.55794703,cotton
7.954629324,125,39,21,95.0191318,25.03149561,82.21276599,cotton
6.207652157,105,60,23,87.54004943,23.53371386,77.21705554,cotton
6.631005298,102,46,19,81.49543437,22.77076388,82.5993307,cotton
7.306918817000001,131,49,22,67.05961949,25.49848236,79.9751579,cotton
5.898293044,139,35,15,86.55517751,25.248679,83.4630147,cotton
7.238566893,108,36,19,64.61444234,22.78249615,77.51235009,cotton
7.977651226,118,45,23,71.67870701,23.37044424,77.43198948,cotton
5.983075895,107,51,22,79.56866268,24.86560781,78.22080815,cotton
6.785723961,125,60,17,80.36146974,24.14386157,84.51591287,cotton
7.393441155,113,37,20,97.10087029,25.03300222,79.04368718,cotton
6.486068274,131,52,16,88.54479121,23.65724079,84.47601498,cotton
7.175934962,115,48,16,88.94245493,25.54359718,84.09229796,cotton
7.388265887999999,113,38,25,90.42224164,22.00085141,79.47270984,cotton
6.10539819,111,41,18,80.96157332,23.64328417,78.1258666,cotton
6.419536555,111,53,19,84.63148859,23.96436009,78.02763149,cotton
6.307585854,122,48,16,61.82980133,24.65425757,75.6350708,cotton
6.93221485,108,46,17,65.0247867,24.3017998,84.87668973,cotton
7.810865753,132,41,22,90.41694635,24.29144926,81.02453404,cotton
6.527541661,103,42,17,81.05902285,24.29470232,84.61527627,cotton
7.569454601,133,50,25,99.93100821,25.72180042,81.19666206,cotton
7.041065585,127,37,18,91.9223468,24.87663664,76.30050373,cotton
7.208795456,110,39,25,75.13617229,22.60612115,77.34264002,cotton
6.814341946,131,38,19,90.4547185,23.86814008,75.68339729,cotton
7.442217061,108,38,24,78.82199603,23.41022496,76.43836957,cotton
6.854558957,122,40,17,80.03995829,24.96440768,81.31677618,cotton
7.884550475,111,50,15,84.62419032,25.16820129,80.30351815,cotton
6.006085786,140,40,17,77.55176318,22.72767171,77.07598065,cotton
7.432043735,100,40,20,86.84998693,22.45145981,76.25674874,cotton
6.498052108,123,50,16,70.65644296,23.04920461,75.53835214,cotton
6.205263534,107,36,21,62.64174227,25.29250148,75.66653335,cotton
6.360812227,118,50,19,66.48339303,22.95604064,82.33733678,cotton
7.0466074339999984,103,51,20,91.6389565,22.80213132,84.14668447,cotton
7.947011366,133,57,19,84.12536744,23.54234715,75.98203329,cotton
6.281913857999999,129,47,20,98.60457373,24.41212325,80.80343786,cotton
6.114525877,116,52,19,67.08022574,22.94276687,75.37170612,cotton
6.7539780610000015,114,40,23,95.4262599,25.53676123,81.13668716,cotton
7.4250413160000015,131,60,17,83.46532547,25.32023717,81.79475917,cotton
6.745104394,107,43,18,65.54475812,22.426733,81.53480799,cotton
7.6411165689999985,123,44,21,91.39578861,25.78544484,75.00539324,cotton
6.470135478,112,49,25,66.19426787,25.68959532,77.90621048,cotton
7.091992365,119,44,15,60.65381719,22.14593688,82.85975490000001,cotton
6.520403794,130,59,19,93.51042684,25.07278712,82.50257909,cotton
6.127939627999999,127,53,24,70.40557612,22.21506982,76.17851932,cotton
7.994679507000001,134,52,18,76.13090645,23.9643129,76.59175937,cotton
7.524707577,109,36,18,62.51388670000001,25.40059227,76.53237965,cotton
7.827877817999999,100,48,17,66.26555904,23.7805123,83.03878838,cotton
6.436691764,132,52,19,61.94626051,24.16402322,76.7433897,cotton
5.907930899,102,37,25,72.82902109,25.31468463,77.91757121,cotton
6.135025006,111,39,22,88.57395505,22.60361557,80.35090459999998,cotton
6.044556594,117,51,15,99.75336197,22.9535715,78.71555832,cotton
7.59781958,136,36,24,90.07326633,22.74446976,80.41198458,cotton
6.691268104,134,56,18,70.97358303,23.80834611,83.91902605,cotton
6.1754923060000015,112,54,15,76.88582484,25.46228792,81.56641891,cotton
7.272316208999999,105,56,15,74.14169043,25.96779712,81.97904282,cotton
5.801047545,140,45,15,99.39557151,25.5308271,80.04662756,cotton
6.757457943,126,46,25,60.79645852,24.43847399,81.69801729,cotton
6.983395572999999,106,49,24,90.64770699,23.03887865,76.47039772,cotton
7.976889497999999,121,53,19,80.11272117,23.51308653,76.72621429,cotton
6.558902588,108,60,17,97.76600619,22.75805656,76.75768356,cotton
7.979090365,116,56,17,85.24963302,24.71252544,77.7293114,cotton
7.903528672999999,100,52,19,93.50153555,23.45969093,82.44777468,cotton
6.73210948,129,43,16,78.58488484,25.5503704,77.85055621,cotton
6.6916904760000016,118,44,23,67.06459777,22.08458267,82.82904143,cotton
7.839849298,117,43,25,69.31153566,24.68854799,78.51206972,cotton
6.61448588,126,37,21,77.03421249,25.84997269,84.16855231,cotton
7.456971816,120,48,16,71.85436078,22.46054478,75.40989245,cotton
7.2942193,102,45,16,74.8984994,23.65629976,77.52425987,cotton
7.762647875,131,56,20,92.23645249,22.00817088,81.83896111,cotton
6.363406102000001,114,40,17,69.45072055,24.32630461,80.13456404,cotton
7.63737841,101,37,18,92.91915074,22.92360984,82.68738535,cotton
6.2006719760000015,106,46,20,81.15072105,23.43821725,78.63388824,cotton
6.364729934,113,38,20,74.94136567,22.10718988,78.58320116,cotton
6.913678684,102,53,21,91.49697481,23.03814028,76.11021529,cotton
7.766259768999999,110,39,18,63.88079866,24.54795322,75.39752705,cotton
7.55606399,107,58,15,76.63669195,23.73868041,75.77503808,cotton
7.288377241,120,60,15,65.35747011,22.31871914,83.86129998,cotton
6.002524871,89,47,38,151.8869972,25.52468965,72.24850829,jute
6.033485257000001,60,37,39,161.2469997,26.59104992,82.94164078,jute
7.121933578999999,63,41,45,196.6249511,25.29781791,86.88705350000002,jute
6.207459637,86,40,39,175.60866969999995,25.72100868,88.16513579,jute
6.090060478,96,41,40,190.4242157,23.58419277,72.00460848,jute
6.346715209,100,35,36,190.5577618,25.31042337,72.01364411,jute
6.661957897000001,63,37,43,185.7446728,23.41798979,85.08640476,jute
6.176860192,70,43,40,169.11680280000004,24.35564134,88.80391021,jute
7.251847296,67,55,44,182.2685447,26.284017,75.14640198,jute
6.386259977999999,74,40,40,169.33884650000005,25.13842773,83.12053888,jute
7.319735475,89,53,44,150.2498675,24.88692811,71.91711523,jute
6.025028997000001,74,46,45,189.4263485,25.75734909,88.36668522,jute
6.344751947000001,89,41,38,199.83629130000003,23.12844351,74.68322732,jute
7.02777956,60,55,40,151.4935635,24.9949957,88.95692783,jute
7.299304715,67,43,38,195.8645552,25.21622704,70.88259632,jute
7.014063944,70,38,35,164.2697011,24.39736241,79.26861738,jute
7.4880144039999985,74,49,38,164.49703730000004,23.31410442,71.4509053,jute
6.626503893,90,40,39,191.9649389,25.72668885,81.86171563,jute
6.239011,82,35,44,169.8391177,26.96656378,78.21047693,jute
6.742688094,73,45,37,181.2783964,23.70467146,74.63745355,jute
6.588017308,85,53,38,153.8990984,24.90075709,73.84186449,jute
7.097586415,81,56,36,174.78764109999997,23.39605743,72.60512854,jute
6.956682742999999,84,55,38,173.1017097,26.8748389,79.78725152,jute
7.380396262,80,45,42,151.9035477,23.1426498,74.99739774,jute
6.176618831,76,54,45,184.9800516,24.29496635,77.62976013,jute
6.551130445,76,56,39,197.1220049,24.39459498,89.89106506,jute
6.427726565,81,40,45,174.5071843,25.7629429,80.76238215,jute
6.740947635,76,44,45,168.7848886,25.4879684,84.48235878,jute
6.130136384,69,47,40,183.8270791,25.37122686,76.2403666,jute
6.667633355,82,40,45,180.1237765,26.21312799,81.70476368,jute
6.1868143920000005,69,57,35,186.2337571,24.30748599,78.54340987,jute
6.334837865,81,36,38,150.31661519999997,23.76554749,87.98329901,jute
7.16214284,67,60,38,162.2847429,24.79853023,78.53037059,jute
7.422318499,72,51,40,199.4766779,23.20683504,74.09956958,jute
6.768001309,65,39,45,184.4633281,23.66805429,70.89000744,jute
6.348441469,78,50,43,159.5718087,25.12417673,85.72530641,jute
6.097294061,77,52,41,167.72306319999996,23.89069041,83.46409075,jute
6.14132902,89,52,42,196.6587013,23.09433785,81.45139295,jute
7.479248124,62,49,37,166.13658859999995,24.21744605,82.85284045,jute
6.509174788999999,90,48,45,153.63902119999997,24.06475727,71.31342851,jute
6.57256106,66,47,36,175.572958,24.85441411,74.44070479999998,jute
7.165696848,80,52,39,197.2101782,26.41915161,76.85691248,jute
7.207457207999999,89,52,45,196.469984,24.89326318,77.01222585,jute
7.124333547000001,77,51,44,166.2160846,23.25583402,82.7015932,jute
6.4635387070000005,94,37,41,179.1630865,24.7634518,87.06071115,jute
6.856833064,75,41,35,166.6415254,24.97042599,78.62697699,jute
7.132389299,60,55,36,150.6326874,26.12797248,80.49172597,jute
6.235357637999999,62,56,35,163.3488091,25.97825807,81.65769588,jute
6.704273839,84,40,42,186.6898282,26.2830571,73.35763537,jute
7.433313409,100,56,40,176.1516409,26.38905406,83.31240346,jute
6.109478059,75,56,44,168.0432282,25.2746335,73.7459581,jute
7.095413294,78,46,42,155.3851533,23.09499564,78.45959697,jute
6.352076782999999,82,48,36,193.2418382,25.79351957,81.76904006,jute
6.6587699910000016,100,58,41,160.6217342,23.17403323,87.88255345,jute
7.0518224720000005,88,50,40,182.2582277,25.63215038,79.95150917,jute
7.333143205,67,41,40,152.6194403,25.84879500000001,87.81661683,jute
6.352771037,72,42,43,181.2915605,26.56767277,80.90424543,jute
7.124050134,89,40,43,189.9711184,26.24532085,72.97198375,jute
6.998787171,89,57,43,177.22330480000005,26.91515043,73.19897535,jute
6.537914957999999,61,41,44,159.92109340000005,24.36972377,82.11319791,jute
7.171054239,79,45,43,187.1735424,25.71901283,79.15532398,jute
7.228268227999999,84,40,43,169.4168014,25.01157559,88.33130229999998,jute
7.319952206,98,43,35,188.6372826,25.40785911,76.44048625,jute
6.613341342999999,75,36,44,153.7447398,23.28081,74.27607475,jute
6.096838784,89,58,35,167.0576456,23.98651719,82.09053379,jute
6.132570522999999,91,41,37,192.2316221,24.48556447,83.20630007,jute
7.36008498,77,48,36,154.83908469999997,25.86705009,84.09985284,jute
7.321619041,66,58,35,185.25947,23.5643831,79.46283115,jute
7.175170657000001,62,59,41,192.4931257,24.2248758,74.89465426,jute
7.299076163,82,35,35,176.5268267,25.49386782,86.97061481,jute
6.842966478999998,61,41,35,195.7571622,24.97178693,79.47557931,jute
6.356295567999999,99,57,38,156.3616174,24.80624984,82.09281674,jute
6.508342839,70,42,43,157.1215052,23.16814977,76.66724969,jute
7.098227926,90,59,35,175.1742112,24.25133493,89.86454053,jute
6.310699968,73,43,42,154.8238864,26.58361011,78.00774772,jute
7.093328631,67,46,44,153.91998069999997,26.82489244,78.20392774,jute
6.691074249,84,37,42,169.92882340000003,25.49674786,81.13449097,jute
6.187746776,72,41,36,176.8604109,24.09874353,80.57226761,jute
6.491506245,71,56,37,176.103677,23.18866654,86.20899734,jute
6.855362875,64,53,38,183.4065252,26.24347471,78.51063754,jute
7.124571593,65,54,39,160.0889553,23.75091572,71.14782585,jute
6.067302109,60,58,37,171.4892533,26.13871511,79.1188943,jute
6.432051512,86,39,43,193.1007598,26.14576648,71.23690851,jute
6.253408852000001,90,50,44,171.4716375,26.91643698,73.48655995,jute
7.287318722999999,91,38,36,157.8548562,26.5232969,77.17331847,jute
7.161865733,87,48,38,190.312216,23.81579631,80.94023552,jute
6.065898282999999,72,41,36,152.9801697,26.50838667,86.84264005,jute
7.311077075,71,54,35,199.3355744,26.63952463,70.95705996,jute
6.581693772,82,46,41,187.3096148,23.325013100000003,79.79609448,jute
6.732826127,71,52,43,180.2513601,26.47549543,73.96164569,jute
6.014572075,80,43,43,172.64426540000005,23.78756036,74.36794079,jute
6.663559451,77,55,43,193.71418280000003,25.49941707,75.99987588,jute
6.434610995,95,57,41,184.7674863,23.24925555,73.65346838,jute
7.432768147000001,63,47,35,193.8778713,26.98582182,89.05587886,jute
6.987332927000001,93,43,38,150.2355238,23.61475336,86.14290267,jute
6.718725189,87,44,43,177.5147313,23.87484465,86.79261344,jute
6.880204617,88,52,39,154.6608736,23.92887902,88.07112278,jute
6.86106911,90,39,37,190.7886386,24.81441246,81.68688879,jute
6.7693455,90,39,43,190.9684885,24.44743944,82.286484,jute
7.26158085,84,38,43,159.3223075,26.57421679,73.81994896,jute
7.261313694,91,21,26,191.6549412,26.33377983,57.36469955,coffee
7.235070264,107,21,26,144.68613359999995,26.45288458,55.32222678,coffee
7.18915558,83,38,35,136.73250919999998,25.70822684,52.88667115,coffee
6.431899747999999,108,24,31,147.27578180000003,24.12832546,56.18107663,coffee
6.42321105,116,28,34,122.2103248,23.44372334,60.39523266,coffee
6.869720196,116,23,25,139.3670753,23.4123707,52.26994674,coffee
6.973839707000001,109,31,27,164.4971875,23.05951896,50.40609436,coffee
7.184801627000001,89,25,34,129.8765443,23.07895447,63.65861483,coffee
6.351823783,118,18,32,122.8392822,27.6496114,51.11044023,coffee
6.392048018,111,32,34,171.37644619999998,25.46743689,69.35161206,coffee
6.119892347,84,36,28,140.63052130000003,26.7350622,55.55164819,coffee
6.910823945,85,33,25,189.0944824,26.20811417,52.50987966,coffee
6.501157208,99,15,27,165.6872119,27.0424167,57.27927475,coffee
7.027585558999999,81,30,31,135.1386537,24.65090184,51.93952357,coffee
7.13411409,95,39,29,148.98125249999995,27.35152643,55.99375012,coffee
6.6477659970000005,81,34,30,135.0119649,25.17787724,62.26244581,coffee
6.703270635,80,15,28,161.8944624,23.11438731,68.00096043,coffee
7.493191968,104,20,26,175.7260273,27.22783677,52.95261751,coffee
6.724688502999999,109,29,28,194.1755471,23.26316991,60.51600210000001,coffee
6.043485685,100,32,26,124.2261737,25.234661,57.53161469,coffee
7.101661011,100,24,28,195.7733251,25.59535262,57.72920846,coffee
7.466900682999999,83,21,28,190.2257843,25.5674832,60.49244602,coffee
6.877799264,120,23,28,196.2736367,25.67324193,51.29043632,coffee
6.410992833,104,26,30,148.6977358,24.40726724,62.65692638,coffee
7.393825704,108,33,31,144.6576424,23.69287069,66.76090123,coffee
7.482414225,91,25,26,180.5059257,24.53460016,66.99765375,coffee
6.081172981,86,26,27,192.4280381,27.13140403,52.89368299,coffee
6.516312148,98,18,27,167.43580749999995,27.56088634,68.49299897,coffee
6.0433309510000015,111,27,31,191.3980675,23.59302313,55.27564977,coffee
6.959404135,84,39,35,117.3113562,23.17714381,52.13864034,coffee
7.238109556,98,27,27,197.6439711,24.71384065,51.29142534,coffee
7.234258375,118,21,34,119.6324109,24.38534644,64.72543073,coffee
6.691541233,103,27,31,126.1752206,27.15998538,51.59100753,coffee
6.809593554,82,24,33,120.6494434,26.53543168,67.09608099,coffee
6.485761419,86,31,35,191.4508931,27.01207284,60.76645256,coffee
6.784460602,88,35,35,117.9389993,27.55906475,58.45742907,coffee
7.167092586,84,27,29,168.26442869999997,23.32293161,53.00366334,coffee
6.73410539,120,40,33,115.1564012,24.23850608,54.30329632,coffee
6.779984384,106,40,30,122.6847408,23.42611644,64.10651528,coffee
7.277422737999999,113,21,33,176.90209240000004,26.02241444,55.83288958,coffee
7.21270048,117,34,25,124.4135035,24.83846178,56.7685316,coffee
7.487266991,80,30,25,148.37712019999995,26.24092174,65.64381357,coffee
7.231166546,88,21,27,181.6368274,24.43011925,66.02411187,coffee
6.559817161000002,113,33,34,153.477776,26.00373964,62.144510200000006,coffee
6.979590627,87,23,28,193.7461968,26.22367404,62.26594559,coffee
6.779230041,113,15,29,190.2440566,27.09617155,63.55324262,coffee
6.217974349,98,29,30,199.4735636,25.64004392,61.03273481,coffee
7.205078785,97,29,27,139.8619431,27.74576987,54.36976075,coffee
6.854011265,85,35,32,133.1120232,26.24928198,54.28617819,coffee
6.246872394,82,29,35,156.15438980000005,26.67377159,52.24226285,coffee
6.911066044,103,33,25,139.5013171,27.10210397,55.74973320000001,coffee
6.777417989,112,17,28,196.6492664,27.62975458,61.26002598,coffee
6.273741983,99,19,33,130.6377143,27.536454700000004,55.51673151,coffee
6.906124587000001,120,20,34,130.3797119,23.56960509,50.56339727,coffee
7.162802357,114,27,28,192.8736822,24.99451759,57.93250202,coffee
6.9557873510000015,100,40,35,177.816092,27.56441788,54.41094079,coffee
6.971963169,108,35,25,161.5279095,23.98143338,61.10935084,coffee
6.840927967000001,115,31,30,122.4073418,24.22984659,67.37768353,coffee
6.536676653,87,28,30,168.8383605,25.60153969,68.66257977,coffee
6.089443602999999,82,24,26,184.4103931,24.31274458,53.57285558,coffee
7.456460375,94,26,27,177.31761609999995,26.36629861,52.25738495,coffee
6.759211911,87,28,35,152.0616227,26.5602777,57.1621814,coffee
7.460174812000001,118,40,35,121.5586297,26.35034208,58.50650238,coffee
6.652642579,87,38,29,156.1457255,25.20406808,57.88370456,coffee
6.026287448,92,40,30,171.6976946,23.35723208,55.18792166,coffee
6.074190142000001,97,22,26,185.1568059,23.60567546,59.68849145,coffee
7.0455430560000005,99,40,32,163.27087319999995,24.18471151,69.94807345,coffee
6.9932360010000005,89,28,33,175.3723314,26.44414097,53.83876189,coffee
6.726528895,112,39,29,147.8035305,26.12492233,63.37479229,coffee
6.937352845,111,28,26,192.7121236,27.77363343,64.47858698,coffee
7.27905689,114,20,26,193.5866233,25.55656667,62.67087838,coffee
7.079850922,117,26,30,115.2325531,27.92374437,67.96910852,coffee
6.136286518,111,29,31,161.3432535,26.05968403,52.31098539,coffee
6.5052036960000015,119,30,28,163.62694960000005,26.35770906,64.57578034,coffee
7.042089492000001,116,40,33,129.5481144,24.91370487,54.15319242,coffee
6.348337518999998,95,37,35,192.4288139,27.31317116,68.42333909999999,coffee
7.432322234,86,40,33,136.3027766,26.1387869,52.26311691,coffee
6.787658922,117,37,32,162.57696059999995,23.1069385,67.06230539,coffee
6.743417121,105,18,35,171.8839938,23.52648086,68.44030686,coffee
7.00733163,109,23,25,194.8773479,25.11711046,68.48030408,coffee
7.303033217,80,18,31,134.6803969,24.02952505,58.84880599,coffee
6.861235184,101,31,26,158.86088869999998,26.70897548,69.71184111,coffee
7.131435858,103,33,33,126.8073984,26.71717393,50.50148528,coffee
7.288211994,93,26,27,137.70440469999997,24.59245684,56.46829641,coffee
6.983732393,104,35,28,143.9955548,27.51006055,50.66687215,coffee
6.172090205,116,36,25,156.6810374,27.57847581,58.52534263,coffee
6.35118177,107,38,29,145.105065,26.65069302,57.56695719,coffee
6.908671378999999,101,33,33,142.8610793,26.97251562,62.0183627,coffee
6.766184468,107,31,31,153.12016440000005,23.17124551,52.97841162,coffee
6.392791654,99,16,30,186.1728203,23.52652084,65.44340921,coffee
6.3483162570000005,103,40,30,141.48316440000005,27.30901814,55.196224,coffee
6.123796057000001,118,31,34,181.4170812,27.54823036,62.88179198,coffee
7.4285236339999985,106,21,35,188.5506536,25.627355,57.04151119,coffee
6.020947179,116,38,34,183.468585,23.29250318,50.04557009,coffee
6.334610249,97,35,26,166.2549307,24.91461008,53.74144743,coffee
6.78006386,107,34,32,177.7745075,26.77463708,66.4132686,coffee
6.086922359,99,15,27,127.92461000000002,27.41711238,56.63636248,coffee
6.362607851,118,33,30,173.32283859999995,24.13179691,67.22512329,coffee
6.758792552,117,32,34,127.1752928,26.2724184,52.12739421,coffee
6.779832611000002,104,18,30,140.9370415,23.60301571,60.39647474,coffee
